[
{
  "model": "admin.logentry",
  "pk": 1,
  "fields": {
    "action_time": "2026-03-01T18:21:30.349Z",
    "user": 1,
    "content_type": 9,
    "object_id": "1",
    "object_repr": "Umrah",
    "action_flag": 1,
    "change_message": "[{\"added\": {}}]"
  }
},
{
  "model": "admin.logentry",
  "pk": 2,
  "fields": {
    "action_time": "2026-03-01T18:21:30.369Z",
    "user": 1,
    "content_type": 9,
    "object_id": "2",
    "object_repr": "Umrah",
    "action_flag": 1,
    "change_message": "[{\"added\": {}}]"
  }
},
{
  "model": "admin.logentry",
  "pk": 3,
  "fields": {
    "action_time": "2026-03-01T18:22:46.736Z",
    "user": 1,
    "content_type": 10,
    "object_id": "1",
    "object_repr": "Umrah - 2026-03-15",
    "action_flag": 1,
    "change_message": "[{\"added\": {}}]"
  }
},
{
  "model": "admin.logentry",
  "pk": 4,
  "fields": {
    "action_time": "2026-03-01T18:51:17.302Z",
    "user": 1,
    "content_type": 7,
    "object_id": "4",
    "object_repr": "AMTA966B2CE - safwan",
    "action_flag": 2,
    "change_message": "[]"
  }
},
{
  "model": "admin.logentry",
  "pk": 5,
  "fields": {
    "action_time": "2026-03-01T18:59:24.156Z",
    "user": 1,
    "content_type": 7,
    "object_id": "5",
    "object_repr": "AMT3297C402 - sobiya",
    "action_flag": 2,
    "change_message": "[]"
  }
},
{
  "model": "admin.logentry",
  "pk": 6,
  "fields": {
    "action_time": "2026-03-01T19:13:49.386Z",
    "user": 1,
    "content_type": 7,
    "object_id": "6",
    "object_repr": "shireen - Shireen Hajatay",
    "action_flag": 1,
    "change_message": "[{\"added\": {}}]"
  }
},
{
  "model": "admin.logentry",
  "pk": 7,
  "fields": {
    "action_time": "2026-03-01T19:13:53.728Z",
    "user": 1,
    "content_type": 8,
    "object_id": "5",
    "object_repr": "2",
    "action_flag": 1,
    "change_message": "[{\"added\": {}}]"
  }
},
{
  "model": "admin.logentry",
  "pk": 8,
  "fields": {
    "action_time": "2026-03-02T10:03:20.141Z",
    "user": 1,
    "content_type": 14,
    "object_id": "1",
    "object_repr": "Doha, India",
    "action_flag": 1,
    "change_message": "[{\"added\": {}}]"
  }
},
{
  "model": "admin.logentry",
  "pk": 9,
  "fields": {
    "action_time": "2026-03-02T10:04:14.884Z",
    "user": 1,
    "content_type": 14,
    "object_id": "1",
    "object_repr": "Doha, Qatar",
    "action_flag": 2,
    "change_message": "[{\"changed\": {\"fields\": [\"Country\"]}}]"
  }
},
{
  "model": "admin.logentry",
  "pk": 10,
  "fields": {
    "action_time": "2026-03-02T10:07:19.481Z",
    "user": 1,
    "content_type": 15,
    "object_id": "1",
    "object_repr": "Royal",
    "action_flag": 1,
    "change_message": "[{\"added\": {}}]"
  }
},
{
  "model": "admin.logentry",
  "pk": 11,
  "fields": {
    "action_time": "2026-03-02T10:08:03.967Z",
    "user": 1,
    "content_type": 16,
    "object_id": "1",
    "object_repr": "Royal - quad room",
    "action_flag": 1,
    "change_message": "[{\"added\": {}}]"
  }
},
{
  "model": "admin.logentry",
  "pk": 12,
  "fields": {
    "action_time": "2026-03-02T10:10:55.544Z",
    "user": 1,
    "content_type": 11,
    "object_id": "1",
    "object_repr": "kuwait airways",
    "action_flag": 1,
    "change_message": "[{\"added\": {}}]"
  }
},
{
  "model": "admin.logentry",
  "pk": 13,
  "fields": {
    "action_time": "2026-03-02T10:12:38.589Z",
    "user": 1,
    "content_type": 12,
    "object_id": "1",
    "object_repr": "Salmiya (AwE2367DH8)",
    "action_flag": 1,
    "change_message": "[{\"added\": {}}]"
  }
},
{
  "model": "admin.logentry",
  "pk": 14,
  "fields": {
    "action_time": "2026-03-02T10:13:42.691Z",
    "user": 1,
    "content_type": 12,
    "object_id": "1",
    "object_repr": "Salmiya (AwE2367DH8)",
    "action_flag": 2,
    "change_message": "[]"
  }
},
{
  "model": "admin.logentry",
  "pk": 15,
  "fields": {
    "action_time": "2026-03-02T10:14:31.557Z",
    "user": 1,
    "content_type": 12,
    "object_id": "1",
    "object_repr": "Doha (AwE2367DH8)",
    "action_flag": 2,
    "change_message": "[{\"changed\": {\"fields\": [\"City\", \"Country\"]}}]"
  }
},
{
  "model": "admin.logentry",
  "pk": 16,
  "fields": {
    "action_time": "2026-03-02T10:15:36.355Z",
    "user": 1,
    "content_type": 13,
    "object_id": "1",
    "object_repr": "kuwait airways AwE2367DH8",
    "action_flag": 1,
    "change_message": "[{\"added\": {}}]"
  }
},
{
  "model": "admin.logentry",
  "pk": 17,
  "fields": {
    "action_time": "2026-03-02T10:37:31.264Z",
    "user": 1,
    "content_type": 11,
    "object_id": "2",
    "object_repr": "saudi arabian airlines",
    "action_flag": 1,
    "change_message": "[{\"added\": {}}]"
  }
},
{
  "model": "admin.logentry",
  "pk": 18,
  "fields": {
    "action_time": "2026-03-02T10:39:12.219Z",
    "user": 1,
    "content_type": 12,
    "object_id": "2",
    "object_repr": "Mumbai (AWD345GH45)",
    "action_flag": 1,
    "change_message": "[{\"added\": {}}]"
  }
},
{
  "model": "admin.logentry",
  "pk": 19,
  "fields": {
    "action_time": "2026-03-02T10:42:41.069Z",
    "user": 1,
    "content_type": 12,
    "object_id": "3",
    "object_repr": "Mecca (WAN6423DF)",
    "action_flag": 1,
    "change_message": "[{\"added\": {}}]"
  }
},
{
  "model": "admin.logentry",
  "pk": 20,
  "fields": {
    "action_time": "2026-03-02T10:45:16.199Z",
    "user": 1,
    "content_type": 12,
    "object_id": "3",
    "object_repr": "Jeddah (WAN6423DF)",
    "action_flag": 2,
    "change_message": "[{\"changed\": {\"fields\": [\"City\"]}}]"
  }
},
{
  "model": "admin.logentry",
  "pk": 21,
  "fields": {
    "action_time": "2026-03-02T10:47:41.092Z",
    "user": 1,
    "content_type": 13,
    "object_id": "2",
    "object_repr": "saudi arabian airlines EK202",
    "action_flag": 1,
    "change_message": "[{\"added\": {}}]"
  }
},
{
  "model": "admin.logentry",
  "pk": 22,
  "fields": {
    "action_time": "2026-03-02T11:14:38.036Z",
    "user": 1,
    "content_type": 7,
    "object_id": "15",
    "object_repr": "AMT6CDA96B1 - niha",
    "action_flag": 2,
    "change_message": "[{\"changed\": {\"fields\": [\"Razorpay payment id\"]}}]"
  }
},
{
  "model": "admin.logentry",
  "pk": 23,
  "fields": {
    "action_time": "2026-03-02T11:34:34.003Z",
    "user": 1,
    "content_type": 7,
    "object_id": "16",
    "object_repr": "AD2345FEQ - Saniya Golandaaz",
    "action_flag": 1,
    "change_message": "[{\"added\": {}}]"
  }
},
{
  "model": "admin.logentry",
  "pk": 24,
  "fields": {
    "action_time": "2026-03-02T11:35:51.086Z",
    "user": 1,
    "content_type": 7,
    "object_id": "16",
    "object_repr": "AD2345FEQ - Saniya Golandaaz",
    "action_flag": 2,
    "change_message": "[]"
  }
},
{
  "model": "admin.logentry",
  "pk": 25,
  "fields": {
    "action_time": "2026-03-02T11:36:01.068Z",
    "user": 1,
    "content_type": 7,
    "object_id": "16",
    "object_repr": "AD2345FEQ - Saniya Golandaaz",
    "action_flag": 2,
    "change_message": "[]"
  }
},
{
  "model": "admin.logentry",
  "pk": 26,
  "fields": {
    "action_time": "2026-03-03T11:22:04.959Z",
    "user": 1,
    "content_type": 9,
    "object_id": "3",
    "object_repr": "Haj 2026",
    "action_flag": 1,
    "change_message": "[{\"added\": {}}]"
  }
},
{
  "model": "admin.logentry",
  "pk": 27,
  "fields": {
    "action_time": "2026-03-03T11:23:56.981Z",
    "user": 1,
    "content_type": 7,
    "object_id": "32",
    "object_repr": "AFDS3457FGH - Sanober Hajatay",
    "action_flag": 1,
    "change_message": "[{\"added\": {}}]"
  }
},
{
  "model": "admin.logentry",
  "pk": 28,
  "fields": {
    "action_time": "2026-03-04T04:32:07.186Z",
    "user": 1,
    "content_type": 14,
    "object_id": "2",
    "object_repr": "Delhi, India",
    "action_flag": 1,
    "change_message": "[{\"added\": {}}]"
  }
},
{
  "model": "admin.logentry",
  "pk": 29,
  "fields": {
    "action_time": "2026-03-04T04:35:05.088Z",
    "user": 1,
    "content_type": 15,
    "object_id": "2",
    "object_repr": "city moon",
    "action_flag": 1,
    "change_message": "[{\"added\": {}}]"
  }
},
{
  "model": "auth.permission",
  "pk": 1,
  "fields": {
    "name": "Can add log entry",
    "content_type": 1,
    "codename": "add_logentry"
  }
},
{
  "model": "auth.permission",
  "pk": 2,
  "fields": {
    "name": "Can change log entry",
    "content_type": 1,
    "codename": "change_logentry"
  }
},
{
  "model": "auth.permission",
  "pk": 3,
  "fields": {
    "name": "Can delete log entry",
    "content_type": 1,
    "codename": "delete_logentry"
  }
},
{
  "model": "auth.permission",
  "pk": 4,
  "fields": {
    "name": "Can view log entry",
    "content_type": 1,
    "codename": "view_logentry"
  }
},
{
  "model": "auth.permission",
  "pk": 5,
  "fields": {
    "name": "Can add permission",
    "content_type": 2,
    "codename": "add_permission"
  }
},
{
  "model": "auth.permission",
  "pk": 6,
  "fields": {
    "name": "Can change permission",
    "content_type": 2,
    "codename": "change_permission"
  }
},
{
  "model": "auth.permission",
  "pk": 7,
  "fields": {
    "name": "Can delete permission",
    "content_type": 2,
    "codename": "delete_permission"
  }
},
{
  "model": "auth.permission",
  "pk": 8,
  "fields": {
    "name": "Can view permission",
    "content_type": 2,
    "codename": "view_permission"
  }
},
{
  "model": "auth.permission",
  "pk": 9,
  "fields": {
    "name": "Can add group",
    "content_type": 3,
    "codename": "add_group"
  }
},
{
  "model": "auth.permission",
  "pk": 10,
  "fields": {
    "name": "Can change group",
    "content_type": 3,
    "codename": "change_group"
  }
},
{
  "model": "auth.permission",
  "pk": 11,
  "fields": {
    "name": "Can delete group",
    "content_type": 3,
    "codename": "delete_group"
  }
},
{
  "model": "auth.permission",
  "pk": 12,
  "fields": {
    "name": "Can view group",
    "content_type": 3,
    "codename": "view_group"
  }
},
{
  "model": "auth.permission",
  "pk": 13,
  "fields": {
    "name": "Can add content type",
    "content_type": 4,
    "codename": "add_contenttype"
  }
},
{
  "model": "auth.permission",
  "pk": 14,
  "fields": {
    "name": "Can change content type",
    "content_type": 4,
    "codename": "change_contenttype"
  }
},
{
  "model": "auth.permission",
  "pk": 15,
  "fields": {
    "name": "Can delete content type",
    "content_type": 4,
    "codename": "delete_contenttype"
  }
},
{
  "model": "auth.permission",
  "pk": 16,
  "fields": {
    "name": "Can view content type",
    "content_type": 4,
    "codename": "view_contenttype"
  }
},
{
  "model": "auth.permission",
  "pk": 17,
  "fields": {
    "name": "Can add session",
    "content_type": 5,
    "codename": "add_session"
  }
},
{
  "model": "auth.permission",
  "pk": 18,
  "fields": {
    "name": "Can change session",
    "content_type": 5,
    "codename": "change_session"
  }
},
{
  "model": "auth.permission",
  "pk": 19,
  "fields": {
    "name": "Can delete session",
    "content_type": 5,
    "codename": "delete_session"
  }
},
{
  "model": "auth.permission",
  "pk": 20,
  "fields": {
    "name": "Can view session",
    "content_type": 5,
    "codename": "view_session"
  }
},
{
  "model": "auth.permission",
  "pk": 21,
  "fields": {
    "name": "Can add user",
    "content_type": 6,
    "codename": "add_user"
  }
},
{
  "model": "auth.permission",
  "pk": 22,
  "fields": {
    "name": "Can change user",
    "content_type": 6,
    "codename": "change_user"
  }
},
{
  "model": "auth.permission",
  "pk": 23,
  "fields": {
    "name": "Can delete user",
    "content_type": 6,
    "codename": "delete_user"
  }
},
{
  "model": "auth.permission",
  "pk": 24,
  "fields": {
    "name": "Can view user",
    "content_type": 6,
    "codename": "view_user"
  }
},
{
  "model": "auth.permission",
  "pk": 25,
  "fields": {
    "name": "Can add booking",
    "content_type": 7,
    "codename": "add_booking"
  }
},
{
  "model": "auth.permission",
  "pk": 26,
  "fields": {
    "name": "Can change booking",
    "content_type": 7,
    "codename": "change_booking"
  }
},
{
  "model": "auth.permission",
  "pk": 27,
  "fields": {
    "name": "Can delete booking",
    "content_type": 7,
    "codename": "delete_booking"
  }
},
{
  "model": "auth.permission",
  "pk": 28,
  "fields": {
    "name": "Can view booking",
    "content_type": 7,
    "codename": "view_booking"
  }
},
{
  "model": "auth.permission",
  "pk": 29,
  "fields": {
    "name": "Can add invoice",
    "content_type": 8,
    "codename": "add_invoice"
  }
},
{
  "model": "auth.permission",
  "pk": 30,
  "fields": {
    "name": "Can change invoice",
    "content_type": 8,
    "codename": "change_invoice"
  }
},
{
  "model": "auth.permission",
  "pk": 31,
  "fields": {
    "name": "Can delete invoice",
    "content_type": 8,
    "codename": "delete_invoice"
  }
},
{
  "model": "auth.permission",
  "pk": 32,
  "fields": {
    "name": "Can view invoice",
    "content_type": 8,
    "codename": "view_invoice"
  }
},
{
  "model": "auth.permission",
  "pk": 33,
  "fields": {
    "name": "Can add package",
    "content_type": 9,
    "codename": "add_package"
  }
},
{
  "model": "auth.permission",
  "pk": 34,
  "fields": {
    "name": "Can change package",
    "content_type": 9,
    "codename": "change_package"
  }
},
{
  "model": "auth.permission",
  "pk": 35,
  "fields": {
    "name": "Can delete package",
    "content_type": 9,
    "codename": "delete_package"
  }
},
{
  "model": "auth.permission",
  "pk": 36,
  "fields": {
    "name": "Can view package",
    "content_type": 9,
    "codename": "view_package"
  }
},
{
  "model": "auth.permission",
  "pk": 37,
  "fields": {
    "name": "Can add package departure",
    "content_type": 10,
    "codename": "add_packagedeparture"
  }
},
{
  "model": "auth.permission",
  "pk": 38,
  "fields": {
    "name": "Can change package departure",
    "content_type": 10,
    "codename": "change_packagedeparture"
  }
},
{
  "model": "auth.permission",
  "pk": 39,
  "fields": {
    "name": "Can delete package departure",
    "content_type": 10,
    "codename": "delete_packagedeparture"
  }
},
{
  "model": "auth.permission",
  "pk": 40,
  "fields": {
    "name": "Can view package departure",
    "content_type": 10,
    "codename": "view_packagedeparture"
  }
},
{
  "model": "auth.permission",
  "pk": 41,
  "fields": {
    "name": "Can add airline",
    "content_type": 11,
    "codename": "add_airline"
  }
},
{
  "model": "auth.permission",
  "pk": 42,
  "fields": {
    "name": "Can change airline",
    "content_type": 11,
    "codename": "change_airline"
  }
},
{
  "model": "auth.permission",
  "pk": 43,
  "fields": {
    "name": "Can delete airline",
    "content_type": 11,
    "codename": "delete_airline"
  }
},
{
  "model": "auth.permission",
  "pk": 44,
  "fields": {
    "name": "Can view airline",
    "content_type": 11,
    "codename": "view_airline"
  }
},
{
  "model": "auth.permission",
  "pk": 45,
  "fields": {
    "name": "Can add airport",
    "content_type": 12,
    "codename": "add_airport"
  }
},
{
  "model": "auth.permission",
  "pk": 46,
  "fields": {
    "name": "Can change airport",
    "content_type": 12,
    "codename": "change_airport"
  }
},
{
  "model": "auth.permission",
  "pk": 47,
  "fields": {
    "name": "Can delete airport",
    "content_type": 12,
    "codename": "delete_airport"
  }
},
{
  "model": "auth.permission",
  "pk": 48,
  "fields": {
    "name": "Can view airport",
    "content_type": 12,
    "codename": "view_airport"
  }
},
{
  "model": "auth.permission",
  "pk": 49,
  "fields": {
    "name": "Can add flight",
    "content_type": 13,
    "codename": "add_flight"
  }
},
{
  "model": "auth.permission",
  "pk": 50,
  "fields": {
    "name": "Can change flight",
    "content_type": 13,
    "codename": "change_flight"
  }
},
{
  "model": "auth.permission",
  "pk": 51,
  "fields": {
    "name": "Can delete flight",
    "content_type": 13,
    "codename": "delete_flight"
  }
},
{
  "model": "auth.permission",
  "pk": 52,
  "fields": {
    "name": "Can view flight",
    "content_type": 13,
    "codename": "view_flight"
  }
},
{
  "model": "auth.permission",
  "pk": 53,
  "fields": {
    "name": "Can add city",
    "content_type": 14,
    "codename": "add_city"
  }
},
{
  "model": "auth.permission",
  "pk": 54,
  "fields": {
    "name": "Can change city",
    "content_type": 14,
    "codename": "change_city"
  }
},
{
  "model": "auth.permission",
  "pk": 55,
  "fields": {
    "name": "Can delete city",
    "content_type": 14,
    "codename": "delete_city"
  }
},
{
  "model": "auth.permission",
  "pk": 56,
  "fields": {
    "name": "Can view city",
    "content_type": 14,
    "codename": "view_city"
  }
},
{
  "model": "auth.permission",
  "pk": 57,
  "fields": {
    "name": "Can add hotel",
    "content_type": 15,
    "codename": "add_hotel"
  }
},
{
  "model": "auth.permission",
  "pk": 58,
  "fields": {
    "name": "Can change hotel",
    "content_type": 15,
    "codename": "change_hotel"
  }
},
{
  "model": "auth.permission",
  "pk": 59,
  "fields": {
    "name": "Can delete hotel",
    "content_type": 15,
    "codename": "delete_hotel"
  }
},
{
  "model": "auth.permission",
  "pk": 60,
  "fields": {
    "name": "Can view hotel",
    "content_type": 15,
    "codename": "view_hotel"
  }
},
{
  "model": "auth.permission",
  "pk": 61,
  "fields": {
    "name": "Can add room type",
    "content_type": 16,
    "codename": "add_roomtype"
  }
},
{
  "model": "auth.permission",
  "pk": 62,
  "fields": {
    "name": "Can change room type",
    "content_type": 16,
    "codename": "change_roomtype"
  }
},
{
  "model": "auth.permission",
  "pk": 63,
  "fields": {
    "name": "Can delete room type",
    "content_type": 16,
    "codename": "delete_roomtype"
  }
},
{
  "model": "auth.permission",
  "pk": 64,
  "fields": {
    "name": "Can view room type",
    "content_type": 16,
    "codename": "view_roomtype"
  }
},
{
  "model": "auth.permission",
  "pk": 65,
  "fields": {
    "name": "Can add contact message",
    "content_type": 17,
    "codename": "add_contactmessage"
  }
},
{
  "model": "auth.permission",
  "pk": 66,
  "fields": {
    "name": "Can change contact message",
    "content_type": 17,
    "codename": "change_contactmessage"
  }
},
{
  "model": "auth.permission",
  "pk": 67,
  "fields": {
    "name": "Can delete contact message",
    "content_type": 17,
    "codename": "delete_contactmessage"
  }
},
{
  "model": "auth.permission",
  "pk": 68,
  "fields": {
    "name": "Can view contact message",
    "content_type": 17,
    "codename": "view_contactmessage"
  }
},
{
  "model": "contenttypes.contenttype",
  "pk": 1,
  "fields": {
    "app_label": "admin",
    "model": "logentry"
  }
},
{
  "model": "contenttypes.contenttype",
  "pk": 2,
  "fields": {
    "app_label": "auth",
    "model": "permission"
  }
},
{
  "model": "contenttypes.contenttype",
  "pk": 3,
  "fields": {
    "app_label": "auth",
    "model": "group"
  }
},
{
  "model": "contenttypes.contenttype",
  "pk": 4,
  "fields": {
    "app_label": "contenttypes",
    "model": "contenttype"
  }
},
{
  "model": "contenttypes.contenttype",
  "pk": 5,
  "fields": {
    "app_label": "sessions",
    "model": "session"
  }
},
{
  "model": "contenttypes.contenttype",
  "pk": 6,
  "fields": {
    "app_label": "accounts",
    "model": "user"
  }
},
{
  "model": "contenttypes.contenttype",
  "pk": 7,
  "fields": {
    "app_label": "bookings",
    "model": "booking"
  }
},
{
  "model": "contenttypes.contenttype",
  "pk": 8,
  "fields": {
    "app_label": "invoices",
    "model": "invoice"
  }
},
{
  "model": "contenttypes.contenttype",
  "pk": 9,
  "fields": {
    "app_label": "packages",
    "model": "package"
  }
},
{
  "model": "contenttypes.contenttype",
  "pk": 10,
  "fields": {
    "app_label": "packages",
    "model": "packagedeparture"
  }
},
{
  "model": "contenttypes.contenttype",
  "pk": 11,
  "fields": {
    "app_label": "flights",
    "model": "airline"
  }
},
{
  "model": "contenttypes.contenttype",
  "pk": 12,
  "fields": {
    "app_label": "flights",
    "model": "airport"
  }
},
{
  "model": "contenttypes.contenttype",
  "pk": 13,
  "fields": {
    "app_label": "flights",
    "model": "flight"
  }
},
{
  "model": "contenttypes.contenttype",
  "pk": 14,
  "fields": {
    "app_label": "hotels",
    "model": "city"
  }
},
{
  "model": "contenttypes.contenttype",
  "pk": 15,
  "fields": {
    "app_label": "hotels",
    "model": "hotel"
  }
},
{
  "model": "contenttypes.contenttype",
  "pk": 16,
  "fields": {
    "app_label": "hotels",
    "model": "roomtype"
  }
},
{
  "model": "contenttypes.contenttype",
  "pk": 17,
  "fields": {
    "app_label": "core",
    "model": "contactmessage"
  }
},
{
  "model": "sessions.session",
  "pk": "kpgthe8gb48mx44yhysvivbsje9sakr2",
  "fields": {
    "session_data": ".eJxVjjsOgzAQRO_iOrLWsHghZfqcAe3aBjtEtsSninL3QESRtPNmnualet7W2G9LmPvk1VUZdfnNhN0U8gH8g_NYtCt5nZPoo6JPuuh78eF5O7t_gshLPNYYhKrONAZsK0IDIJGtBY2t64YCV8FzBa2gdc7uCAYDwkCAFhGaXSqlTCmP35vUvT9WuTvN:1vy0WV:-kDuqmoOLVGnXn_xEDGAHx19Qfj3vOsv6Awx7Tn8y-4",
    "expire_date": "2026-03-19T04:41:19.584Z"
  }
},
{
  "model": "accounts.user",
  "pk": 1,
  "fields": {
    "password": "pbkdf2_sha256$1000000$TfuVHQ0H5RVVLlgEOY4PLN$WSfsKlMHJMymAgOsg5lh2kZGbVZMoIyFCd6VuqZsj9M=",
    "last_login": "2026-03-01T18:20:23.965Z",
    "is_superuser": true,
    "username": "adminsobiya",
    "first_name": "",
    "last_name": "",
    "email": "hajataysobiya@gmail.com",
    "is_staff": true,
    "is_active": true,
    "date_joined": "2026-03-01T18:19:23.523Z",
    "phone": "",
    "role": "customer",
    "wallet_balance": "0.00",
    "groups": [],
    "user_permissions": []
  }
},
{
  "model": "core.contactmessage",
  "pk": 1,
  "fields": {
    "name": "jknjkhujkuh",
    "email": "hajataysobiya@gmail.com",
    "subject": "haj",
    "message": "travelling to haj",
    "created_at": "2026-03-04T18:09:37.607Z"
  }
},
{
  "model": "core.contactmessage",
  "pk": 2,
  "fields": {
    "name": "sobiya",
    "email": "hajataysobiya@gmail.com",
    "subject": "haj and umrah",
    "message": "i want to travel ",
    "created_at": "2026-03-04T18:13:08.247Z"
  }
},
{
  "model": "core.contactmessage",
  "pk": 3,
  "fields": {
    "name": "saba",
    "email": "hajataysobiya@gmail.com",
    "subject": "abchjsdbcn",
    "message": "goinggggg",
    "created_at": "2026-03-04T18:14:40.386Z"
  }
},
{
  "model": "core.contactmessage",
  "pk": 4,
  "fields": {
    "name": "saba",
    "email": "hajataysobiya@gmail.com",
    "subject": "abchjsdbcn",
    "message": "goinggggg",
    "created_at": "2026-03-04T18:17:25.583Z"
  }
},
{
  "model": "core.contactmessage",
  "pk": 5,
  "fields": {
    "name": "saba",
    "email": "hajataysobiya@gmail.com",
    "subject": "hbjvve",
    "message": "goingggg",
    "created_at": "2026-03-04T18:18:15.737Z"
  }
},
{
  "model": "core.contactmessage",
  "pk": 6,
  "fields": {
    "name": "saba",
    "email": "hajataysobiya@gmail.com",
    "subject": "hbjvve",
    "message": "goingggg",
    "created_at": "2026-03-04T18:22:49.201Z"
  }
},
{
  "model": "core.contactmessage",
  "pk": 7,
  "fields": {
    "name": "sobiya",
    "email": "hajataysobiya@gmail.com",
    "subject": "haj and umrah",
    "message": "i want to travel ",
    "created_at": "2026-03-04T18:26:43.306Z"
  }
},
{
  "model": "core.contactmessage",
  "pk": 8,
  "fields": {
    "name": "sobiya",
    "email": "hajataysobiya@gmail.com",
    "subject": "haj and umrah",
    "message": "i want to travel ",
    "created_at": "2026-03-04T18:28:12.622Z"
  }
},
{
  "model": "bookings.booking",
  "pk": 1,
  "fields": {
    "booking_ref": "AMTC6A3148B",
    "package": 1,
    "user": null,
    "flight": null,
    "full_name": "sobiya",
    "phone": "8977653212",
    "email": "hajataysobiya@gmail.com",
    "persons": 1,
    "travel_date": "2026-03-12",
    "price_per_person": "80000.00",
    "total_amount": "80000.00",
    "amount_paid": "0.00",
    "booking_status": "pending",
    "payment_status": "unpaid",
    "razorpay_payment_id": null,
    "razorpay_order_id": null,
    "razorpay_signature": null,
    "created_at": "2026-03-01T18:40:43.214Z"
  }
},
{
  "model": "bookings.booking",
  "pk": 2,
  "fields": {
    "booking_ref": "AMT7E55F9D7",
    "package": 1,
    "user": null,
    "flight": null,
    "full_name": "safwan",
    "phone": "6826372146",
    "email": "hajataysobiya@gmail.com",
    "persons": 1,
    "travel_date": "2026-03-11",
    "price_per_person": "80000.00",
    "total_amount": "80000.00",
    "amount_paid": "0.00",
    "booking_status": "pending",
    "payment_status": "unpaid",
    "razorpay_payment_id": null,
    "razorpay_order_id": null,
    "razorpay_signature": null,
    "created_at": "2026-03-01T18:44:33.118Z"
  }
},
{
  "model": "bookings.booking",
  "pk": 3,
  "fields": {
    "booking_ref": "AMT379E3E84",
    "package": 1,
    "user": null,
    "flight": null,
    "full_name": "safwan",
    "phone": "234589654",
    "email": "hajataysobiya@gmail.com",
    "persons": 1,
    "travel_date": "2026-03-13",
    "price_per_person": "80000.00",
    "total_amount": "80000.00",
    "amount_paid": "0.00",
    "booking_status": "pending",
    "payment_status": "unpaid",
    "razorpay_payment_id": null,
    "razorpay_order_id": null,
    "razorpay_signature": null,
    "created_at": "2026-03-01T18:45:49.566Z"
  }
},
{
  "model": "bookings.booking",
  "pk": 4,
  "fields": {
    "booking_ref": "AMTA966B2CE",
    "package": 1,
    "user": null,
    "flight": null,
    "full_name": "safwan",
    "phone": "8976432156",
    "email": "hajataysobiya@gmail.com",
    "persons": 1,
    "travel_date": "2026-03-20",
    "price_per_person": "80000.00",
    "total_amount": "80000.00",
    "amount_paid": "0.00",
    "booking_status": "pending",
    "payment_status": "unpaid",
    "razorpay_payment_id": null,
    "razorpay_order_id": null,
    "razorpay_signature": null,
    "created_at": "2026-03-01T18:51:06.070Z"
  }
},
{
  "model": "bookings.booking",
  "pk": 5,
  "fields": {
    "booking_ref": "AMT3297C402",
    "package": 1,
    "user": null,
    "flight": null,
    "full_name": "sobiya",
    "phone": "6794738908",
    "email": "hajataysobiya@gmail.com",
    "persons": 1,
    "travel_date": "2026-03-12",
    "price_per_person": "80000.00",
    "total_amount": "80000.00",
    "amount_paid": "0.00",
    "booking_status": "pending",
    "payment_status": "unpaid",
    "razorpay_payment_id": null,
    "razorpay_order_id": null,
    "razorpay_signature": null,
    "created_at": "2026-03-01T18:58:42.808Z"
  }
},
{
  "model": "bookings.booking",
  "pk": 6,
  "fields": {
    "booking_ref": "shireen",
    "package": 1,
    "user": null,
    "flight": null,
    "full_name": "Shireen Hajatay",
    "phone": "2789365217",
    "email": "hajataysobiya@gmail.com",
    "persons": 1,
    "travel_date": "2026-03-12",
    "price_per_person": "85000.00",
    "total_amount": "85000.00",
    "amount_paid": "70000.00",
    "booking_status": "pending",
    "payment_status": "partial",
    "razorpay_payment_id": null,
    "razorpay_order_id": null,
    "razorpay_signature": null,
    "created_at": "2026-03-01T19:13:49.383Z"
  }
},
{
  "model": "bookings.booking",
  "pk": 7,
  "fields": {
    "booking_ref": "AMTBB94B9C1",
    "package": 1,
    "user": null,
    "flight": null,
    "full_name": "sobi",
    "phone": "786287163",
    "email": "hajataysobiya@gmail.com",
    "persons": 1,
    "travel_date": "2026-03-07",
    "price_per_person": "80000.00",
    "total_amount": "80000.00",
    "amount_paid": "0.00",
    "booking_status": "pending",
    "payment_status": "unpaid",
    "razorpay_payment_id": null,
    "razorpay_order_id": null,
    "razorpay_signature": null,
    "created_at": "2026-03-01T20:36:38.781Z"
  }
},
{
  "model": "bookings.booking",
  "pk": 8,
  "fields": {
    "booking_ref": "AMT93A6A95B",
    "package": 1,
    "user": null,
    "flight": null,
    "full_name": "saffuuuu",
    "phone": "321677890098",
    "email": "safwan@gmail.com",
    "persons": 1,
    "travel_date": "2026-03-19",
    "price_per_person": "80000.00",
    "total_amount": "80000.00",
    "amount_paid": "0.00",
    "booking_status": "pending",
    "payment_status": "unpaid",
    "razorpay_payment_id": null,
    "razorpay_order_id": null,
    "razorpay_signature": null,
    "created_at": "2026-03-01T20:40:08.123Z"
  }
},
{
  "model": "bookings.booking",
  "pk": 9,
  "fields": {
    "booking_ref": "AMT6C827626",
    "package": 1,
    "user": null,
    "flight": null,
    "full_name": "saffuuuu",
    "phone": "321677890098",
    "email": "safwan@gmail.com",
    "persons": 1,
    "travel_date": "2026-03-19",
    "price_per_person": "80000.00",
    "total_amount": "80000.00",
    "amount_paid": "0.00",
    "booking_status": "pending",
    "payment_status": "unpaid",
    "razorpay_payment_id": null,
    "razorpay_order_id": null,
    "razorpay_signature": null,
    "created_at": "2026-03-01T20:44:07.555Z"
  }
},
{
  "model": "bookings.booking",
  "pk": 10,
  "fields": {
    "booking_ref": "AMTA7557319",
    "package": 1,
    "user": null,
    "flight": null,
    "full_name": "saffuuuu",
    "phone": "321677890098",
    "email": "safwan@gmail.com",
    "persons": 1,
    "travel_date": "2026-03-19",
    "price_per_person": "80000.00",
    "total_amount": "80000.00",
    "amount_paid": "0.00",
    "booking_status": "pending",
    "payment_status": "unpaid",
    "razorpay_payment_id": null,
    "razorpay_order_id": null,
    "razorpay_signature": null,
    "created_at": "2026-03-01T20:45:21.334Z"
  }
},
{
  "model": "bookings.booking",
  "pk": 11,
  "fields": {
    "booking_ref": "AMT7B7CC7B6",
    "package": 1,
    "user": null,
    "flight": null,
    "full_name": "sumaiya",
    "phone": "7854214589",
    "email": "sumaiya@gmail.com",
    "persons": 1,
    "travel_date": "2026-03-06",
    "price_per_person": "80000.00",
    "total_amount": "80000.00",
    "amount_paid": "0.00",
    "booking_status": "pending",
    "payment_status": "unpaid",
    "razorpay_payment_id": null,
    "razorpay_order_id": null,
    "razorpay_signature": null,
    "created_at": "2026-03-02T10:16:48.640Z"
  }
},
{
  "model": "bookings.booking",
  "pk": 12,
  "fields": {
    "booking_ref": "AMT298790E0",
    "package": 1,
    "user": null,
    "flight": null,
    "full_name": "sumaiya",
    "phone": "7854214589",
    "email": "sumaiya@gmail.com",
    "persons": 1,
    "travel_date": "2026-03-06",
    "price_per_person": "80000.00",
    "total_amount": "80000.00",
    "amount_paid": "80000.00",
    "booking_status": "pending",
    "payment_status": "paid",
    "razorpay_payment_id": null,
    "razorpay_order_id": null,
    "razorpay_signature": null,
    "created_at": "2026-03-02T10:21:55.213Z"
  }
},
{
  "model": "bookings.booking",
  "pk": 13,
  "fields": {
    "booking_ref": "AMT9AF98D93",
    "package": 1,
    "user": null,
    "flight": null,
    "full_name": "Mustafa Raza Sheikh",
    "phone": "7034763793",
    "email": "mustafa7@gmail.com",
    "persons": 4,
    "travel_date": "2026-03-10",
    "price_per_person": "80000.00",
    "total_amount": "320000.00",
    "amount_paid": "0.00",
    "booking_status": "pending",
    "payment_status": "unpaid",
    "razorpay_payment_id": null,
    "razorpay_order_id": null,
    "razorpay_signature": null,
    "created_at": "2026-03-02T10:50:49.750Z"
  }
},
{
  "model": "bookings.booking",
  "pk": 14,
  "fields": {
    "booking_ref": "AMT5BB3EBE1",
    "package": 1,
    "user": null,
    "flight": null,
    "full_name": "Mustafa Raza ",
    "phone": "7077363648",
    "email": "mustafa@gmail.com",
    "persons": 1,
    "travel_date": "2026-03-10",
    "price_per_person": "80000.00",
    "total_amount": "80000.00",
    "amount_paid": "80000.00",
    "booking_status": "pending",
    "payment_status": "paid",
    "razorpay_payment_id": null,
    "razorpay_order_id": null,
    "razorpay_signature": null,
    "created_at": "2026-03-02T10:56:47.253Z"
  }
},
{
  "model": "bookings.booking",
  "pk": 15,
  "fields": {
    "booking_ref": "AMT6CDA96B1",
    "package": 1,
    "user": null,
    "flight": null,
    "full_name": "niha",
    "phone": "2347890321",
    "email": "niha@gmail.com",
    "persons": 1,
    "travel_date": "2026-03-04",
    "price_per_person": "80000.00",
    "total_amount": "80000.00",
    "amount_paid": "80000.00",
    "booking_status": "pending",
    "payment_status": "paid",
    "razorpay_payment_id": "niha",
    "razorpay_order_id": null,
    "razorpay_signature": null,
    "created_at": "2026-03-02T11:09:34.886Z"
  }
},
{
  "model": "bookings.booking",
  "pk": 16,
  "fields": {
    "booking_ref": "AD2345FEQ",
    "package": 1,
    "user": null,
    "flight": null,
    "full_name": "Saniya Golandaaz",
    "phone": "8763124578",
    "email": "saniya@gmail.com",
    "persons": 2,
    "travel_date": "2026-03-15",
    "price_per_person": "80000.00",
    "total_amount": "160000.00",
    "amount_paid": "120000.00",
    "booking_status": "pending",
    "payment_status": "partial",
    "razorpay_payment_id": "sani2134",
    "razorpay_order_id": null,
    "razorpay_signature": null,
    "created_at": "2026-03-02T11:34:34.000Z"
  }
},
{
  "model": "bookings.booking",
  "pk": 17,
  "fields": {
    "booking_ref": "AMT455A24FD",
    "package": 2,
    "user": null,
    "flight": null,
    "full_name": "inaya",
    "phone": "23567890321",
    "email": "inaya@gmail.com",
    "persons": 1,
    "travel_date": "2026-03-10",
    "price_per_person": "80000.00",
    "total_amount": "80000.00",
    "amount_paid": "80000.00",
    "booking_status": "pending",
    "payment_status": "paid",
    "razorpay_payment_id": null,
    "razorpay_order_id": null,
    "razorpay_signature": null,
    "created_at": "2026-03-02T11:36:41.651Z"
  }
},
{
  "model": "bookings.booking",
  "pk": 18,
  "fields": {
    "booking_ref": "AMTA9D2C3DF",
    "package": 2,
    "user": null,
    "flight": null,
    "full_name": "samiya",
    "phone": "5643128976",
    "email": "samiya@gmail.com",
    "persons": 1,
    "travel_date": "2026-03-04",
    "price_per_person": "80000.00",
    "total_amount": "80000.00",
    "amount_paid": "80000.00",
    "booking_status": "pending",
    "payment_status": "paid",
    "razorpay_payment_id": null,
    "razorpay_order_id": null,
    "razorpay_signature": null,
    "created_at": "2026-03-02T11:44:45.970Z"
  }
},
{
  "model": "bookings.booking",
  "pk": 19,
  "fields": {
    "booking_ref": "AMT41906947",
    "package": 2,
    "user": null,
    "flight": null,
    "full_name": "samiya",
    "phone": "5643128976",
    "email": "samiya@gmail.com",
    "persons": 1,
    "travel_date": "2026-03-04",
    "price_per_person": "80000.00",
    "total_amount": "80000.00",
    "amount_paid": "80000.00",
    "booking_status": "pending",
    "payment_status": "paid",
    "razorpay_payment_id": null,
    "razorpay_order_id": null,
    "razorpay_signature": null,
    "created_at": "2026-03-02T11:45:32.935Z"
  }
},
{
  "model": "bookings.booking",
  "pk": 20,
  "fields": {
    "booking_ref": "AMTACB77474",
    "package": 2,
    "user": null,
    "flight": null,
    "full_name": "samiya",
    "phone": "5643128976",
    "email": "samiya@gmail.com",
    "persons": 1,
    "travel_date": "2026-03-04",
    "price_per_person": "80000.00",
    "total_amount": "80000.00",
    "amount_paid": "0.00",
    "booking_status": "pending",
    "payment_status": "unpaid",
    "razorpay_payment_id": null,
    "razorpay_order_id": null,
    "razorpay_signature": null,
    "created_at": "2026-03-02T12:14:30.163Z"
  }
},
{
  "model": "bookings.booking",
  "pk": 21,
  "fields": {
    "booking_ref": "AMTAC98E7F7",
    "package": 1,
    "user": null,
    "flight": null,
    "full_name": "saba",
    "phone": "7651238904",
    "email": "saba@gmail.com",
    "persons": 1,
    "travel_date": "2026-03-10",
    "price_per_person": "80000.00",
    "total_amount": "80000.00",
    "amount_paid": "80000.00",
    "booking_status": "pending",
    "payment_status": "paid",
    "razorpay_payment_id": null,
    "razorpay_order_id": null,
    "razorpay_signature": null,
    "created_at": "2026-03-02T12:15:21.926Z"
  }
},
{
  "model": "bookings.booking",
  "pk": 22,
  "fields": {
    "booking_ref": "AMTBD6D4994",
    "package": 2,
    "user": null,
    "flight": null,
    "full_name": "sobi",
    "phone": "4326780984",
    "email": "sobi@gmail.com",
    "persons": 1,
    "travel_date": "2026-03-05",
    "price_per_person": "80000.00",
    "total_amount": "80000.00",
    "amount_paid": "0.00",
    "booking_status": "Confirmed",
    "payment_status": "unpaid",
    "razorpay_payment_id": "pay_SMLxACc4xQE2aB",
    "razorpay_order_id": null,
    "razorpay_signature": null,
    "created_at": "2026-03-02T12:22:33.885Z"
  }
},
{
  "model": "bookings.booking",
  "pk": 23,
  "fields": {
    "booking_ref": "AMTDC3DCE20",
    "package": 2,
    "user": null,
    "flight": null,
    "full_name": "sadfvv",
    "phone": "532156789009",
    "email": "sashhj@gmail.com",
    "persons": 1,
    "travel_date": "2026-03-06",
    "price_per_person": "80000.00",
    "total_amount": "80000.00",
    "amount_paid": "0.00",
    "booking_status": "Confirmed",
    "payment_status": "unpaid",
    "razorpay_payment_id": "pay_SMLzfkRuMBheDq",
    "razorpay_order_id": null,
    "razorpay_signature": null,
    "created_at": "2026-03-02T12:24:56.191Z"
  }
},
{
  "model": "bookings.booking",
  "pk": 24,
  "fields": {
    "booking_ref": "AMT36321735",
    "package": 2,
    "user": null,
    "flight": null,
    "full_name": "ftdccggfrdtc vf",
    "phone": "5421789065",
    "email": "nhjbhj@gmail.com",
    "persons": 1,
    "travel_date": "2026-03-14",
    "price_per_person": "80000.00",
    "total_amount": "80000.00",
    "amount_paid": "0.00",
    "booking_status": "Confirmed",
    "payment_status": "unpaid",
    "razorpay_payment_id": "pay_SMM9sSkDu31ejA",
    "razorpay_order_id": null,
    "razorpay_signature": null,
    "created_at": "2026-03-02T12:34:36.940Z"
  }
},
{
  "model": "bookings.booking",
  "pk": 25,
  "fields": {
    "booking_ref": "AMT4E688B7B",
    "package": 2,
    "user": null,
    "flight": null,
    "full_name": "jhcvwdbjhfhewnj",
    "phone": "34657890987",
    "email": "bduhwjbe@gmail.com",
    "persons": 1,
    "travel_date": "2026-03-13",
    "price_per_person": "80000.00",
    "total_amount": "80000.00",
    "amount_paid": "0.00",
    "booking_status": "Confirmed",
    "payment_status": "unpaid",
    "razorpay_payment_id": "pay_SMMHmi9kiIFaKS",
    "razorpay_order_id": "order_SMMHUMKCvfOT6G",
    "razorpay_signature": "e5f04dcd47a4d82c89cd8f11d7edccdd24b8c25f652073a25e239d4fddc118da",
    "created_at": "2026-03-02T12:42:03.646Z"
  }
},
{
  "model": "bookings.booking",
  "pk": 26,
  "fields": {
    "booking_ref": "AMT2CF9EF5F",
    "package": 2,
    "user": null,
    "flight": null,
    "full_name": "muhammad",
    "phone": "90854126578",
    "email": "muhammad@gmail.com",
    "persons": 1,
    "travel_date": "2026-03-15",
    "price_per_person": "80000.00",
    "total_amount": "80000.00",
    "amount_paid": "0.00",
    "booking_status": "Confirmed",
    "payment_status": "unpaid",
    "razorpay_payment_id": "pay_SMilh1n61trZe7",
    "razorpay_order_id": "order_SMilDl5YENbbsn",
    "razorpay_signature": "d82ebb10276dffeb6973a6f3e3e1219750edea3ddad4441f5728d93fcfdf04a4",
    "created_at": "2026-03-03T10:41:29.328Z"
  }
},
{
  "model": "bookings.booking",
  "pk": 27,
  "fields": {
    "booking_ref": "AMTFBB2511A",
    "package": 1,
    "user": null,
    "flight": null,
    "full_name": "safwan Hajatay",
    "phone": "6743129087",
    "email": "hajatay@gmail.com",
    "persons": 2,
    "travel_date": "2026-03-20",
    "price_per_person": "80000.00",
    "total_amount": "160000.00",
    "amount_paid": "0.00",
    "booking_status": "pending",
    "payment_status": "unpaid",
    "razorpay_payment_id": null,
    "razorpay_order_id": null,
    "razorpay_signature": null,
    "created_at": "2026-03-03T10:44:35.624Z"
  }
},
{
  "model": "bookings.booking",
  "pk": 28,
  "fields": {
    "booking_ref": "AMT6AD0011A",
    "package": 1,
    "user": null,
    "flight": null,
    "full_name": "safwan Hajatay",
    "phone": "6743129087",
    "email": "hajatay@gmail.com",
    "persons": 1,
    "travel_date": "2026-03-20",
    "price_per_person": "80000.00",
    "total_amount": "80000.00",
    "amount_paid": "0.00",
    "booking_status": "Confirmed",
    "payment_status": "unpaid",
    "razorpay_payment_id": "pay_SMitjkLQdHDuZc",
    "razorpay_order_id": "order_SMitLa6wwEHVES",
    "razorpay_signature": "d9338e17986e5185745baccd325071582a78a2d1bd36557105a230a629f370b9",
    "created_at": "2026-03-03T10:49:11.053Z"
  }
},
{
  "model": "bookings.booking",
  "pk": 29,
  "fields": {
    "booking_ref": "AMTEC55AE44",
    "package": 1,
    "user": null,
    "flight": null,
    "full_name": "falah",
    "phone": "8903124087",
    "email": "falah@gmail.com",
    "persons": 1,
    "travel_date": "2026-03-20",
    "price_per_person": "80000.00",
    "total_amount": "80000.00",
    "amount_paid": "0.00",
    "booking_status": "Confirmed",
    "payment_status": "unpaid",
    "razorpay_payment_id": "pay_SMj36getKzhgL1",
    "razorpay_order_id": "order_SMj2qlqGl3scld",
    "razorpay_signature": "73a907797954d871f122df37d2446cfd1188e04315a7e6c161fc3f97d7115caa",
    "created_at": "2026-03-03T10:58:10.559Z"
  }
},
{
  "model": "bookings.booking",
  "pk": 30,
  "fields": {
    "booking_ref": "AMT2D434509",
    "package": 1,
    "user": null,
    "flight": null,
    "full_name": "Sumaiyya",
    "phone": "6521908765",
    "email": "summi@gmail.com",
    "persons": 1,
    "travel_date": "2026-03-06",
    "price_per_person": "80000.00",
    "total_amount": "80000.00",
    "amount_paid": "0.00",
    "booking_status": "Confirmed",
    "payment_status": "unpaid",
    "razorpay_payment_id": "pay_SMj9X0ItKPiMvh",
    "razorpay_order_id": "order_SMj9GR1rcuoBvm",
    "razorpay_signature": "00772dd72add08491e3cbc042bd0d7a9e56ba11dc0335e9f16e18c1ab725e305",
    "created_at": "2026-03-03T11:04:15.224Z"
  }
},
{
  "model": "bookings.booking",
  "pk": 31,
  "fields": {
    "booking_ref": "AMT4813D4EC",
    "package": 2,
    "user": null,
    "flight": null,
    "full_name": "Mubasshir Hajatay",
    "phone": "1243215709",
    "email": "mallik@gmail.com",
    "persons": 1,
    "travel_date": "2026-03-10",
    "price_per_person": "80000.00",
    "total_amount": "80000.00",
    "amount_paid": "80000.00",
    "booking_status": "confirmed",
    "payment_status": "paid",
    "razorpay_payment_id": "pay_SMjIdIfDbh4gAX",
    "razorpay_order_id": "order_SMjIOlESmgOKNx",
    "razorpay_signature": "2fd6cce72aa81b8db8f53533994a7485e526b8731eef557e3dacdae1185800f1",
    "created_at": "2026-03-03T11:12:54.091Z"
  }
},
{
  "model": "bookings.booking",
  "pk": 32,
  "fields": {
    "booking_ref": "AFDS3457FGH",
    "package": 3,
    "user": null,
    "flight": null,
    "full_name": "Sanober Hajatay",
    "phone": "+91 8097241779",
    "email": "hajataysobiya@gmail.com",
    "persons": 1,
    "travel_date": "2026-03-15",
    "price_per_person": "90000.00",
    "total_amount": "90000.00",
    "amount_paid": "70000.00",
    "booking_status": "pending",
    "payment_status": "partial",
    "razorpay_payment_id": null,
    "razorpay_order_id": null,
    "razorpay_signature": null,
    "created_at": "2026-03-03T11:23:56.976Z"
  }
},
{
  "model": "bookings.booking",
  "pk": 33,
  "fields": {
    "booking_ref": "AMTCAE8658F",
    "package": 2,
    "user": null,
    "flight": null,
    "full_name": "mcjhwgfcuewi",
    "phone": "6773214689",
    "email": "hajahsh@gmail.com",
    "persons": 1,
    "travel_date": "2026-03-10",
    "price_per_person": "80000.00",
    "total_amount": "80000.00",
    "amount_paid": "0.00",
    "booking_status": "pending",
    "payment_status": "unpaid",
    "razorpay_payment_id": null,
    "razorpay_order_id": null,
    "razorpay_signature": null,
    "created_at": "2026-03-03T11:24:40.202Z"
  }
},
{
  "model": "bookings.booking",
  "pk": 34,
  "fields": {
    "booking_ref": "AMTDB643561",
    "package": 2,
    "user": null,
    "flight": null,
    "full_name": "mcjhwgfcuewi",
    "phone": "6773214689",
    "email": "hajahsh@gmail.com",
    "persons": 1,
    "travel_date": "2026-03-10",
    "price_per_person": "80000.00",
    "total_amount": "80000.00",
    "amount_paid": "0.00",
    "booking_status": "pending",
    "payment_status": "unpaid",
    "razorpay_payment_id": null,
    "razorpay_order_id": null,
    "razorpay_signature": null,
    "created_at": "2026-03-03T11:25:04.590Z"
  }
},
{
  "model": "bookings.booking",
  "pk": 35,
  "fields": {
    "booking_ref": "AMT4CF81B8E",
    "package": 2,
    "user": null,
    "flight": null,
    "full_name": "mcjhwgfcuewi",
    "phone": "6773214689",
    "email": "hajahsh@gmail.com",
    "persons": 1,
    "travel_date": "2026-03-10",
    "price_per_person": "80000.00",
    "total_amount": "80000.00",
    "amount_paid": "80000.00",
    "booking_status": "confirmed",
    "payment_status": "paid",
    "razorpay_payment_id": "pay_SMjYsozTxTlsbK",
    "razorpay_order_id": "order_SMjYVRkcFPm0yy",
    "razorpay_signature": "c5bd9bfbf9a81413e42f7c30ee7030a669c8df0f6778eddef52eb07e5dfa1fcb",
    "created_at": "2026-03-03T11:28:08.777Z"
  }
},
{
  "model": "bookings.booking",
  "pk": 36,
  "fields": {
    "booking_ref": "AMT77DBBCAE",
    "package": 3,
    "user": null,
    "flight": null,
    "full_name": "duascscfgn syaf",
    "phone": "5678098765",
    "email": "hajatay@gmail.com",
    "persons": 1,
    "travel_date": "2026-03-07",
    "price_per_person": "90000.00",
    "total_amount": "90000.00",
    "amount_paid": "90000.00",
    "booking_status": "confirmed",
    "payment_status": "paid",
    "razorpay_payment_id": "pay_SMjhTfPzFYFgZx",
    "razorpay_order_id": "order_SMjhC5n0EuQhnQ",
    "razorpay_signature": "d38c57451c4bcbd3556411a3250ed5428066a961c19be0cbe203dd17fcccd7f9",
    "created_at": "2026-03-03T11:36:22.268Z"
  }
},
{
  "model": "bookings.booking",
  "pk": 37,
  "fields": {
    "booking_ref": "AMT247BAFC4",
    "package": 3,
    "user": null,
    "flight": null,
    "full_name": "jhbw",
    "phone": "7894321098",
    "email": "hhjkxzs@gmail.com",
    "persons": 1,
    "travel_date": "2026-03-14",
    "price_per_person": "90000.00",
    "total_amount": "90000.00",
    "amount_paid": "90000.00",
    "booking_status": "confirmed",
    "payment_status": "paid",
    "razorpay_payment_id": "pay_SMjnYF1aOIZ5ZK",
    "razorpay_order_id": "order_SMjnK0n9GAXO4V",
    "razorpay_signature": "f37849eae5e7ffe9d73cc6ba6b50e0f0582f7dd2ddb69f002c131bad7fb9a85d",
    "created_at": "2026-03-03T11:42:09.927Z"
  }
},
{
  "model": "bookings.booking",
  "pk": 38,
  "fields": {
    "booking_ref": "AMTA714ED94",
    "package": 1,
    "user": null,
    "flight": null,
    "full_name": "jsdhusfuysb",
    "phone": "6878978990",
    "email": "hjcbyufjdhs@gmail.com",
    "persons": 1,
    "travel_date": "2026-03-20",
    "price_per_person": "80000.00",
    "total_amount": "80000.00",
    "amount_paid": "80000.00",
    "booking_status": "confirmed",
    "payment_status": "paid",
    "razorpay_payment_id": "pay_SMjrfEOyW24smN",
    "razorpay_order_id": "order_SMjrRHk9FkxtKN",
    "razorpay_signature": "e74011198c55bf1631593cf9e14663e05f7206e35602dc14631916cd692da77c",
    "created_at": "2026-03-03T11:46:04.458Z"
  }
},
{
  "model": "bookings.booking",
  "pk": 39,
  "fields": {
    "booking_ref": "AMT5E765BC8",
    "package": 3,
    "user": null,
    "flight": null,
    "full_name": "Maaaazzzz",
    "phone": "56213908765",
    "email": "hjdsch@gmail.com",
    "persons": 1,
    "travel_date": "2026-03-20",
    "price_per_person": "90000.00",
    "total_amount": "90000.00",
    "amount_paid": "90000.00",
    "booking_status": "confirmed",
    "payment_status": "paid",
    "razorpay_payment_id": "pay_SMjypMHP5q1Fvw",
    "razorpay_order_id": "order_SMjyajiRKs9mqk",
    "razorpay_signature": "765e63a9363da26ff5551b2df8b11cd40b875ed5c49c18f3a9501d067cff9ff9",
    "created_at": "2026-03-03T11:52:50.613Z"
  }
},
{
  "model": "bookings.booking",
  "pk": 40,
  "fields": {
    "booking_ref": "AMTAB2281C8",
    "package": 3,
    "user": null,
    "flight": null,
    "full_name": "Maira",
    "phone": "4589096532",
    "email": "maira@gmail.com",
    "persons": 1,
    "travel_date": "2026-03-14",
    "price_per_person": "90000.00",
    "total_amount": "90000.00",
    "amount_paid": "90000.00",
    "booking_status": "confirmed",
    "payment_status": "paid",
    "razorpay_payment_id": "pay_SMk8MSliqHbWL3",
    "razorpay_order_id": "order_SMk84GJCkeBaTK",
    "razorpay_signature": "69704feb1e7503e11bf45e3ad3dcb194567f8f10f7114b69d0fcaf7d4afd6fa5",
    "created_at": "2026-03-03T12:01:48.749Z"
  }
},
{
  "model": "bookings.booking",
  "pk": 41,
  "fields": {
    "booking_ref": "AMTB96BA69B",
    "package": 3,
    "user": null,
    "flight": null,
    "full_name": "laiba",
    "phone": "8921093212",
    "email": "laiba@gmail.com",
    "persons": 1,
    "travel_date": "2026-03-07",
    "price_per_person": "90000.00",
    "total_amount": "90000.00",
    "amount_paid": "90000.00",
    "booking_status": "confirmed",
    "payment_status": "paid",
    "razorpay_payment_id": "pay_SMkEfs9esbg6rv",
    "razorpay_order_id": "order_SMkEOzGinHQJpU",
    "razorpay_signature": "5e55d7ebc1cd0ebb2bccbe875c2660f6cf3e5c07730ecf25951c734f8d4048e2",
    "created_at": "2026-03-03T12:07:48.362Z"
  }
},
{
  "model": "bookings.booking",
  "pk": 42,
  "fields": {
    "booking_ref": "AMT9E1C0EA2",
    "package": 3,
    "user": null,
    "flight": null,
    "full_name": "Zara",
    "phone": "7895431290",
    "email": "zara@gmail.com",
    "persons": 1,
    "travel_date": "2026-03-21",
    "price_per_person": "90000.00",
    "total_amount": "90000.00",
    "amount_paid": "90000.00",
    "booking_status": "confirmed",
    "payment_status": "paid",
    "razorpay_payment_id": "pay_SMkVdv1m37dZC6",
    "razorpay_order_id": "order_SMkVNRZK6WQET3",
    "razorpay_signature": "15aad19249787db54565035fb300ff725343fff7a1428c2f9121826a7aa8fd90",
    "created_at": "2026-03-03T12:23:52.745Z"
  }
},
{
  "model": "bookings.booking",
  "pk": 43,
  "fields": {
    "booking_ref": "AMT9B9DADF3",
    "package": null,
    "user": 1,
    "flight": 1,
    "full_name": "adminsobiya",
    "phone": "0000000000",
    "email": "hajataysobiya@gmail.com",
    "persons": 1,
    "travel_date": "2026-03-10",
    "price_per_person": "50000.00",
    "total_amount": "50000.00",
    "amount_paid": "0.00",
    "booking_status": "pending",
    "payment_status": "unpaid",
    "razorpay_payment_id": null,
    "razorpay_order_id": null,
    "razorpay_signature": null,
    "created_at": "2026-03-03T15:41:13.437Z"
  }
},
{
  "model": "bookings.booking",
  "pk": 44,
  "fields": {
    "booking_ref": "AMT1723A621",
    "package": null,
    "user": 1,
    "flight": 1,
    "full_name": "adminsobiya",
    "phone": "0000000000",
    "email": "hajataysobiya@gmail.com",
    "persons": 1,
    "travel_date": "2026-03-10",
    "price_per_person": "50000.00",
    "total_amount": "50000.00",
    "amount_paid": "0.00",
    "booking_status": "pending",
    "payment_status": "unpaid",
    "razorpay_payment_id": null,
    "razorpay_order_id": null,
    "razorpay_signature": null,
    "created_at": "2026-03-03T15:48:20.315Z"
  }
},
{
  "model": "bookings.booking",
  "pk": 45,
  "fields": {
    "booking_ref": "AMT1547EB86",
    "package": null,
    "user": 1,
    "flight": 1,
    "full_name": "adminsobiya",
    "phone": "0000000000",
    "email": "hajataysobiya@gmail.com",
    "persons": 1,
    "travel_date": "2026-03-10",
    "price_per_person": "50000.00",
    "total_amount": "50000.00",
    "amount_paid": "0.00",
    "booking_status": "pending",
    "payment_status": "unpaid",
    "razorpay_payment_id": null,
    "razorpay_order_id": null,
    "razorpay_signature": null,
    "created_at": "2026-03-03T15:48:25.491Z"
  }
},
{
  "model": "bookings.booking",
  "pk": 46,
  "fields": {
    "booking_ref": "AMT44485ADC",
    "package": null,
    "user": 1,
    "flight": 1,
    "full_name": "adminsobiya",
    "phone": "0000000000",
    "email": "hajataysobiya@gmail.com",
    "persons": 1,
    "travel_date": "2026-03-10",
    "price_per_person": "50000.00",
    "total_amount": "50000.00",
    "amount_paid": "0.00",
    "booking_status": "pending",
    "payment_status": "unpaid",
    "razorpay_payment_id": null,
    "razorpay_order_id": null,
    "razorpay_signature": null,
    "created_at": "2026-03-03T15:49:04.438Z"
  }
},
{
  "model": "bookings.booking",
  "pk": 47,
  "fields": {
    "booking_ref": "AMT96F3CF79",
    "package": null,
    "user": 1,
    "flight": 1,
    "full_name": "adminsobiya",
    "phone": "0000000000",
    "email": "hajataysobiya@gmail.com",
    "persons": 1,
    "travel_date": "2026-03-10",
    "price_per_person": "50000.00",
    "total_amount": "50000.00",
    "amount_paid": "0.00",
    "booking_status": "pending",
    "payment_status": "unpaid",
    "razorpay_payment_id": null,
    "razorpay_order_id": null,
    "razorpay_signature": null,
    "created_at": "2026-03-03T15:49:08.310Z"
  }
},
{
  "model": "bookings.booking",
  "pk": 48,
  "fields": {
    "booking_ref": "AMTAE801600",
    "package": null,
    "user": 1,
    "flight": 1,
    "full_name": "adminsobiya",
    "phone": "0000000000",
    "email": "hajataysobiya@gmail.com",
    "persons": 1,
    "travel_date": "2026-03-10",
    "price_per_person": "50000.00",
    "total_amount": "50000.00",
    "amount_paid": "0.00",
    "booking_status": "pending",
    "payment_status": "unpaid",
    "razorpay_payment_id": null,
    "razorpay_order_id": null,
    "razorpay_signature": null,
    "created_at": "2026-03-03T15:49:37.908Z"
  }
},
{
  "model": "bookings.booking",
  "pk": 49,
  "fields": {
    "booking_ref": "AMTA8EB234E",
    "package": null,
    "user": 1,
    "flight": 1,
    "full_name": "adminsobiya",
    "phone": "0000000000",
    "email": "hajataysobiya@gmail.com",
    "persons": 1,
    "travel_date": "2026-03-10",
    "price_per_person": "50000.00",
    "total_amount": "50000.00",
    "amount_paid": "0.00",
    "booking_status": "pending",
    "payment_status": "unpaid",
    "razorpay_payment_id": null,
    "razorpay_order_id": null,
    "razorpay_signature": null,
    "created_at": "2026-03-03T15:57:05.223Z"
  }
},
{
  "model": "bookings.booking",
  "pk": 50,
  "fields": {
    "booking_ref": "AMT9ED251E8",
    "package": null,
    "user": 1,
    "flight": 1,
    "full_name": "adminsobiya",
    "phone": "0000000000",
    "email": "hajataysobiya@gmail.com",
    "persons": 1,
    "travel_date": "2026-03-10",
    "price_per_person": "50000.00",
    "total_amount": "50000.00",
    "amount_paid": "0.00",
    "booking_status": "pending",
    "payment_status": "unpaid",
    "razorpay_payment_id": null,
    "razorpay_order_id": null,
    "razorpay_signature": null,
    "created_at": "2026-03-03T15:57:21.694Z"
  }
},
{
  "model": "bookings.booking",
  "pk": 51,
  "fields": {
    "booking_ref": "AMTE099730C",
    "package": null,
    "user": 1,
    "flight": 1,
    "full_name": "adminsobiya",
    "phone": "0000000000",
    "email": "hajataysobiya@gmail.com",
    "persons": 1,
    "travel_date": "2026-03-10",
    "price_per_person": "50000.00",
    "total_amount": "50000.00",
    "amount_paid": "0.00",
    "booking_status": "pending",
    "payment_status": "unpaid",
    "razorpay_payment_id": null,
    "razorpay_order_id": null,
    "razorpay_signature": null,
    "created_at": "2026-03-03T16:00:18.703Z"
  }
},
{
  "model": "bookings.booking",
  "pk": 52,
  "fields": {
    "booking_ref": "AMTA2382395",
    "package": 1,
    "user": 1,
    "flight": null,
    "full_name": "Khan Showyab",
    "phone": "7678052114",
    "email": "khanshowyab894@gmail.com",
    "persons": 1,
    "travel_date": "2026-03-03",
    "price_per_person": "80000.00",
    "total_amount": "80000.00",
    "amount_paid": "80000.00",
    "booking_status": "confirmed",
    "payment_status": "paid",
    "razorpay_payment_id": "pay_SN0bhiHviZqsNH",
    "razorpay_order_id": "order_SN0bHapHNHR3Ox",
    "razorpay_signature": "3938e278b81fb1f2d7455590f0912cd6a08df39a82ead271a0b01385550ae603",
    "created_at": "2026-03-04T04:08:34.316Z"
  }
},
{
  "model": "bookings.booking",
  "pk": 53,
  "fields": {
    "booking_ref": "AMT5D60B0DF",
    "package": 1,
    "user": 1,
    "flight": null,
    "full_name": "Saba",
    "phone": "9856789043",
    "email": "saba@gmail.com",
    "persons": 1,
    "travel_date": "2026-03-10",
    "price_per_person": "80000.00",
    "total_amount": "80000.00",
    "amount_paid": "80000.00",
    "booking_status": "confirmed",
    "payment_status": "paid",
    "razorpay_payment_id": "pay_SN0tevhUy112uZ",
    "razorpay_order_id": "order_SN0tPEPdld8Fc6",
    "razorpay_signature": "30adcf48c3ffd4a159aa40008029d2750c27a4db2f82a8d509046ffa190230ce",
    "created_at": "2026-03-04T04:25:43.827Z"
  }
},
{
  "model": "bookings.booking",
  "pk": 54,
  "fields": {
    "booking_ref": "AMTDCEFA3FF",
    "package": null,
    "user": 1,
    "flight": 1,
    "full_name": "adminsobiya",
    "phone": "0000000000",
    "email": "hajataysobiya@gmail.com",
    "persons": 1,
    "travel_date": "2026-03-10",
    "price_per_person": "50000.00",
    "total_amount": "50000.00",
    "amount_paid": "0.00",
    "booking_status": "pending",
    "payment_status": "unpaid",
    "razorpay_payment_id": null,
    "razorpay_order_id": null,
    "razorpay_signature": null,
    "created_at": "2026-03-04T04:28:10.241Z"
  }
},
{
  "model": "bookings.booking",
  "pk": 55,
  "fields": {
    "booking_ref": "AMT8C9D6987",
    "package": null,
    "user": 1,
    "flight": 2,
    "full_name": "adminsobiya",
    "phone": "0000000000",
    "email": "hajataysobiya@gmail.com",
    "persons": 1,
    "travel_date": "2026-03-15",
    "price_per_person": "87000.00",
    "total_amount": "87000.00",
    "amount_paid": "0.00",
    "booking_status": "pending",
    "payment_status": "unpaid",
    "razorpay_payment_id": null,
    "razorpay_order_id": null,
    "razorpay_signature": null,
    "created_at": "2026-03-04T04:36:56.036Z"
  }
},
{
  "model": "bookings.booking",
  "pk": 56,
  "fields": {
    "booking_ref": "AMTA2371728",
    "package": null,
    "user": 1,
    "flight": 2,
    "full_name": "adminsobiya",
    "phone": "0000000000",
    "email": "hajataysobiya@gmail.com",
    "persons": 1,
    "travel_date": "2026-03-15",
    "price_per_person": "87000.00",
    "total_amount": "87000.00",
    "amount_paid": "0.00",
    "booking_status": "pending",
    "payment_status": "unpaid",
    "razorpay_payment_id": null,
    "razorpay_order_id": null,
    "razorpay_signature": null,
    "created_at": "2026-03-04T04:37:04.682Z"
  }
},
{
  "model": "bookings.booking",
  "pk": 57,
  "fields": {
    "booking_ref": "AMT9DCEFEF6",
    "package": 3,
    "user": 1,
    "flight": null,
    "full_name": "maaaaz",
    "phone": "6891231527",
    "email": "maaz@gmail.com",
    "persons": 2,
    "travel_date": "2026-03-12",
    "price_per_person": "90000.00",
    "total_amount": "180000.00",
    "amount_paid": "0.00",
    "booking_status": "pending",
    "payment_status": "unpaid",
    "razorpay_payment_id": null,
    "razorpay_order_id": null,
    "razorpay_signature": null,
    "created_at": "2026-03-04T04:39:43.633Z"
  }
},
{
  "model": "bookings.booking",
  "pk": 58,
  "fields": {
    "booking_ref": "AMT8EB7A05B",
    "package": 3,
    "user": 1,
    "flight": null,
    "full_name": "shraddha",
    "phone": "6785432145",
    "email": "shraddha@gmail.com",
    "persons": 1,
    "travel_date": "2026-03-13",
    "price_per_person": "90000.00",
    "total_amount": "90000.00",
    "amount_paid": "90000.00",
    "booking_status": "confirmed",
    "payment_status": "paid",
    "razorpay_payment_id": "pay_SN1THExKAZ3akV",
    "razorpay_order_id": "order_SN1SyHFNpQ5jIx",
    "razorpay_signature": "5bdbbef83ff97d78b45f3aa7998569e6d1592f4eaa3b983541e1d3f5f089c688",
    "created_at": "2026-03-04T04:59:23.894Z"
  }
},
{
  "model": "bookings.booking",
  "pk": 59,
  "fields": {
    "booking_ref": "AMT6AB91E79",
    "package": null,
    "user": 1,
    "flight": 1,
    "full_name": "adminsobiya",
    "phone": "0000000000",
    "email": "hajataysobiya@gmail.com",
    "persons": 1,
    "travel_date": "2026-03-10",
    "price_per_person": "50000.00",
    "total_amount": "50000.00",
    "amount_paid": "0.00",
    "booking_status": "pending",
    "payment_status": "unpaid",
    "razorpay_payment_id": null,
    "razorpay_order_id": null,
    "razorpay_signature": null,
    "created_at": "2026-03-04T05:22:17.206Z"
  }
},
{
  "model": "bookings.booking",
  "pk": 60,
  "fields": {
    "booking_ref": "AMT3793B628",
    "package": 3,
    "user": 1,
    "flight": null,
    "full_name": "sobiya",
    "phone": "7612359087",
    "email": "sobiyahajatay@gmail.com",
    "persons": 1,
    "travel_date": "2026-03-06",
    "price_per_person": "90000.00",
    "total_amount": "90000.00",
    "amount_paid": "0.00",
    "booking_status": "pending",
    "payment_status": "unpaid",
    "razorpay_payment_id": null,
    "razorpay_order_id": null,
    "razorpay_signature": null,
    "created_at": "2026-03-04T05:23:34.168Z"
  }
},
{
  "model": "bookings.booking",
  "pk": 61,
  "fields": {
    "booking_ref": "AMT871C6626",
    "package": 3,
    "user": 1,
    "flight": null,
    "full_name": "sobiya",
    "phone": "7612359087",
    "email": "sobiyahajatay@gmail.com",
    "persons": 1,
    "travel_date": "2026-03-06",
    "price_per_person": "90000.00",
    "total_amount": "90000.00",
    "amount_paid": "0.00",
    "booking_status": "pending",
    "payment_status": "unpaid",
    "razorpay_payment_id": null,
    "razorpay_order_id": null,
    "razorpay_signature": null,
    "created_at": "2026-03-04T05:25:33.666Z"
  }
},
{
  "model": "bookings.booking",
  "pk": 62,
  "fields": {
    "booking_ref": "AMTE087134C",
    "package": 3,
    "user": 1,
    "flight": null,
    "full_name": "sobiya",
    "phone": "7612359087",
    "email": "sobiyahajatay@gmail.com",
    "persons": 1,
    "travel_date": "2026-03-06",
    "price_per_person": "90000.00",
    "total_amount": "90000.00",
    "amount_paid": "0.00",
    "booking_status": "pending",
    "payment_status": "unpaid",
    "razorpay_payment_id": null,
    "razorpay_order_id": null,
    "razorpay_signature": null,
    "created_at": "2026-03-04T05:25:38.009Z"
  }
},
{
  "model": "bookings.booking",
  "pk": 63,
  "fields": {
    "booking_ref": "AMTA63A2F6A",
    "package": 3,
    "user": 1,
    "flight": null,
    "full_name": "sobiya",
    "phone": "7612359087",
    "email": "sobiyahajatay@gmail.com",
    "persons": 1,
    "travel_date": "2026-03-06",
    "price_per_person": "90000.00",
    "total_amount": "90000.00",
    "amount_paid": "0.00",
    "booking_status": "pending",
    "payment_status": "unpaid",
    "razorpay_payment_id": null,
    "razorpay_order_id": null,
    "razorpay_signature": null,
    "created_at": "2026-03-04T05:25:42.773Z"
  }
},
{
  "model": "bookings.booking",
  "pk": 64,
  "fields": {
    "booking_ref": "AMTB792F8F0",
    "package": 3,
    "user": 1,
    "flight": null,
    "full_name": "wdqfcews",
    "phone": "6721908765",
    "email": "vdsvs@gmail.com",
    "persons": 1,
    "travel_date": "2026-03-18",
    "price_per_person": "90000.00",
    "total_amount": "90000.00",
    "amount_paid": "0.00",
    "booking_status": "pending",
    "payment_status": "unpaid",
    "razorpay_payment_id": null,
    "razorpay_order_id": null,
    "razorpay_signature": null,
    "created_at": "2026-03-04T05:26:13.543Z"
  }
},
{
  "model": "bookings.booking",
  "pk": 65,
  "fields": {
    "booking_ref": "AMTD1CF18D3",
    "package": 3,
    "user": 1,
    "flight": null,
    "full_name": "sobiya",
    "phone": "7612359087",
    "email": "sobiyahajatay@gmail.com",
    "persons": 1,
    "travel_date": "2026-03-06",
    "price_per_person": "90000.00",
    "total_amount": "90000.00",
    "amount_paid": "0.00",
    "booking_status": "pending",
    "payment_status": "unpaid",
    "razorpay_payment_id": null,
    "razorpay_order_id": null,
    "razorpay_signature": null,
    "created_at": "2026-03-04T05:33:54.677Z"
  }
},
{
  "model": "bookings.booking",
  "pk": 66,
  "fields": {
    "booking_ref": "AMTF15EDABA",
    "package": 3,
    "user": 1,
    "flight": null,
    "full_name": "sobiya",
    "phone": "7612359087",
    "email": "sobiyahajatay@gmail.com",
    "persons": 1,
    "travel_date": "2026-03-06",
    "price_per_person": "90000.00",
    "total_amount": "90000.00",
    "amount_paid": "90000.00",
    "booking_status": "confirmed",
    "payment_status": "paid",
    "razorpay_payment_id": "pay_SN23kTxCWRTggx",
    "razorpay_order_id": "order_SN23VJltLRx052",
    "razorpay_signature": "460c65737ba0323454a8c474f90f8b68ba228069e0858fd4fd59782daf7a4523",
    "created_at": "2026-03-04T05:33:58.963Z"
  }
},
{
  "model": "bookings.booking",
  "pk": 67,
  "fields": {
    "booking_ref": "AMT34863A4E",
    "package": 3,
    "user": 1,
    "flight": null,
    "full_name": "wdqfcews",
    "phone": "6721908765",
    "email": "vdsvs@gmail.com",
    "persons": 1,
    "travel_date": "2026-03-18",
    "price_per_person": "90000.00",
    "total_amount": "90000.00",
    "amount_paid": "0.00",
    "booking_status": "pending",
    "payment_status": "unpaid",
    "razorpay_payment_id": null,
    "razorpay_order_id": null,
    "razorpay_signature": null,
    "created_at": "2026-03-04T05:36:57.611Z"
  }
},
{
  "model": "bookings.booking",
  "pk": 68,
  "fields": {
    "booking_ref": "AMTF879E5E7",
    "package": 3,
    "user": 1,
    "flight": null,
    "full_name": "wdqfcews",
    "phone": "6721908765",
    "email": "vdsvs@gmail.com",
    "persons": 1,
    "travel_date": "2026-03-18",
    "price_per_person": "90000.00",
    "total_amount": "90000.00",
    "amount_paid": "0.00",
    "booking_status": "pending",
    "payment_status": "unpaid",
    "razorpay_payment_id": null,
    "razorpay_order_id": null,
    "razorpay_signature": null,
    "created_at": "2026-03-04T05:37:02.913Z"
  }
},
{
  "model": "bookings.booking",
  "pk": 69,
  "fields": {
    "booking_ref": "AMTCA4FC134",
    "package": 3,
    "user": 1,
    "flight": null,
    "full_name": "shireen",
    "phone": "7865124321",
    "email": "shireen@gmail.com",
    "persons": 1,
    "travel_date": "2026-03-06",
    "price_per_person": "90000.00",
    "total_amount": "90000.00",
    "amount_paid": "0.00",
    "booking_status": "pending",
    "payment_status": "unpaid",
    "razorpay_payment_id": null,
    "razorpay_order_id": null,
    "razorpay_signature": null,
    "created_at": "2026-03-04T05:37:31.918Z"
  }
},
{
  "model": "bookings.booking",
  "pk": 70,
  "fields": {
    "booking_ref": "AMTFB1E0971",
    "package": 3,
    "user": 1,
    "flight": null,
    "full_name": "shireen",
    "phone": "7865124321",
    "email": "shireen@gmail.com",
    "persons": 1,
    "travel_date": "2026-03-06",
    "price_per_person": "90000.00",
    "total_amount": "90000.00",
    "amount_paid": "0.00",
    "booking_status": "pending",
    "payment_status": "unpaid",
    "razorpay_payment_id": null,
    "razorpay_order_id": null,
    "razorpay_signature": null,
    "created_at": "2026-03-04T05:41:43.671Z"
  }
},
{
  "model": "bookings.booking",
  "pk": 71,
  "fields": {
    "booking_ref": "AMT958B87C4",
    "package": 3,
    "user": 1,
    "flight": null,
    "full_name": "shireen",
    "phone": "7865124321",
    "email": "shireen@gmail.com",
    "persons": 1,
    "travel_date": "2026-03-06",
    "price_per_person": "90000.00",
    "total_amount": "90000.00",
    "amount_paid": "0.00",
    "booking_status": "pending",
    "payment_status": "unpaid",
    "razorpay_payment_id": null,
    "razorpay_order_id": null,
    "razorpay_signature": null,
    "created_at": "2026-03-04T05:41:49.780Z"
  }
},
{
  "model": "bookings.booking",
  "pk": 72,
  "fields": {
    "booking_ref": "AMT29A1C8A0",
    "package": 3,
    "user": 1,
    "flight": null,
    "full_name": "shireen",
    "phone": "7865124321",
    "email": "shireen@gmail.com",
    "persons": 1,
    "travel_date": "2026-03-06",
    "price_per_person": "90000.00",
    "total_amount": "90000.00",
    "amount_paid": "0.00",
    "booking_status": "pending",
    "payment_status": "unpaid",
    "razorpay_payment_id": null,
    "razorpay_order_id": null,
    "razorpay_signature": null,
    "created_at": "2026-03-04T05:41:54.203Z"
  }
},
{
  "model": "bookings.booking",
  "pk": 73,
  "fields": {
    "booking_ref": "AMT911D1BA5",
    "package": 3,
    "user": 1,
    "flight": null,
    "full_name": "shireen",
    "phone": "7865124321",
    "email": "shireen@gmail.com",
    "persons": 1,
    "travel_date": "2026-03-06",
    "price_per_person": "90000.00",
    "total_amount": "90000.00",
    "amount_paid": "0.00",
    "booking_status": "pending",
    "payment_status": "unpaid",
    "razorpay_payment_id": null,
    "razorpay_order_id": null,
    "razorpay_signature": null,
    "created_at": "2026-03-04T05:41:58.474Z"
  }
},
{
  "model": "bookings.booking",
  "pk": 74,
  "fields": {
    "booking_ref": "AMT0211D341",
    "package": 3,
    "user": 1,
    "flight": null,
    "full_name": "shireen",
    "phone": "7865124321",
    "email": "shireen@gmail.com",
    "persons": 1,
    "travel_date": "2026-03-06",
    "price_per_person": "90000.00",
    "total_amount": "90000.00",
    "amount_paid": "0.00",
    "booking_status": "pending",
    "payment_status": "unpaid",
    "razorpay_payment_id": null,
    "razorpay_order_id": null,
    "razorpay_signature": null,
    "created_at": "2026-03-04T05:56:14.117Z"
  }
},
{
  "model": "bookings.booking",
  "pk": 75,
  "fields": {
    "booking_ref": "AMT74BB19F0",
    "package": 3,
    "user": 1,
    "flight": null,
    "full_name": "shireen",
    "phone": "7865124321",
    "email": "shireen@gmail.com",
    "persons": 1,
    "travel_date": "2026-03-06",
    "price_per_person": "90000.00",
    "total_amount": "90000.00",
    "amount_paid": "0.00",
    "booking_status": "pending",
    "payment_status": "unpaid",
    "razorpay_payment_id": null,
    "razorpay_order_id": null,
    "razorpay_signature": null,
    "created_at": "2026-03-04T05:59:41.919Z"
  }
},
{
  "model": "bookings.booking",
  "pk": 76,
  "fields": {
    "booking_ref": "AMTB56B8E6E",
    "package": 1,
    "user": 1,
    "flight": null,
    "full_name": "mahira",
    "phone": "7690543212",
    "email": "mahira@gmail.com",
    "persons": 1,
    "travel_date": "2026-03-03",
    "price_per_person": "80000.00",
    "total_amount": "80000.00",
    "amount_paid": "80000.00",
    "booking_status": "confirmed",
    "payment_status": "paid",
    "razorpay_payment_id": "pay_SN2l0bsUwo5pYJ",
    "razorpay_order_id": "order_SN2ki0o005vg8n",
    "razorpay_signature": "3673d1d0a2ff70a9f9f01ab4f514542042eae2606281f2c4f6b91aae8cabf853",
    "created_at": "2026-03-04T06:14:52.973Z"
  }
},
{
  "model": "bookings.booking",
  "pk": 77,
  "fields": {
    "booking_ref": "AMT5C09ED5E",
    "package": 3,
    "user": 1,
    "flight": null,
    "full_name": "fmjdlksfse",
    "phone": "1223435464",
    "email": "mkldfmes@gmail.com",
    "persons": 1,
    "travel_date": "2026-03-06",
    "price_per_person": "90000.00",
    "total_amount": "90000.00",
    "amount_paid": "90000.00",
    "booking_status": "confirmed",
    "payment_status": "paid",
    "razorpay_payment_id": "pay_SNP8oez7is0nHR",
    "razorpay_order_id": "order_SNP8QEAvl1BVE5",
    "razorpay_signature": "ba72f5878b5b1c80fcfdb0d394331d59ae8439d56441c6a370fe1e654d0e769f",
    "created_at": "2026-03-05T04:08:36.103Z"
  }
},
{
  "model": "bookings.booking",
  "pk": 78,
  "fields": {
    "booking_ref": "AMT4356B245",
    "package": 3,
    "user": 1,
    "flight": null,
    "full_name": "fmjdlksfse",
    "phone": "1223435464",
    "email": "mkldfmes@gmail.com",
    "persons": 1,
    "travel_date": "2026-03-06",
    "price_per_person": "90000.00",
    "total_amount": "90000.00",
    "amount_paid": "0.00",
    "booking_status": "pending",
    "payment_status": "unpaid",
    "razorpay_payment_id": null,
    "razorpay_order_id": null,
    "razorpay_signature": null,
    "created_at": "2026-03-05T04:09:58.483Z"
  }
},
{
  "model": "bookings.booking",
  "pk": 79,
  "fields": {
    "booking_ref": "AMTCE09CB65",
    "package": 3,
    "user": 1,
    "flight": null,
    "full_name": "jnmsdkbf",
    "phone": "6782937247384",
    "email": "hjksdsa@gmail.com",
    "persons": 1,
    "travel_date": "2026-03-07",
    "price_per_person": "90000.00",
    "total_amount": "90000.00",
    "amount_paid": "90000.00",
    "booking_status": "confirmed",
    "payment_status": "paid",
    "razorpay_payment_id": "pay_SNPhBVqMjgLAXO",
    "razorpay_order_id": "order_SNPgyMyzKNIOdF",
    "razorpay_signature": "1b8ff8e71a7a5ee5c4459e6304d59d799d7754953b44fe7ae756f1c8f595af27",
    "created_at": "2026-03-05T04:41:18.608Z"
  }
},
{
  "model": "invoices.invoice",
  "pk": 1,
  "fields": {
    "invoice_number": "INV-D2E00276",
    "booking": 2,
    "amount": "80000.00",
    "issued_at": "2026-03-01T18:44:33.128Z"
  }
},
{
  "model": "invoices.invoice",
  "pk": 2,
  "fields": {
    "invoice_number": "INV-BD1E1B1C",
    "booking": 3,
    "amount": "80000.00",
    "issued_at": "2026-03-01T18:45:49.575Z"
  }
},
{
  "model": "invoices.invoice",
  "pk": 3,
  "fields": {
    "invoice_number": "INV-FA19CB6B",
    "booking": 4,
    "amount": "80000.00",
    "issued_at": "2026-03-01T18:51:06.080Z"
  }
},
{
  "model": "invoices.invoice",
  "pk": 4,
  "fields": {
    "invoice_number": "INV-C836ABD3",
    "booking": 5,
    "amount": "80000.00",
    "issued_at": "2026-03-01T18:58:42.821Z"
  }
},
{
  "model": "invoices.invoice",
  "pk": 5,
  "fields": {
    "invoice_number": "2",
    "booking": 6,
    "amount": "80000.00",
    "issued_at": "2026-03-01T19:13:53.697Z"
  }
},
{
  "model": "invoices.invoice",
  "pk": 6,
  "fields": {
    "invoice_number": "INV-BF72DBFA",
    "booking": 7,
    "amount": "80000.00",
    "issued_at": "2026-03-01T20:36:38.801Z"
  }
},
{
  "model": "invoices.invoice",
  "pk": 7,
  "fields": {
    "invoice_number": "INV-48AF8832",
    "booking": 8,
    "amount": "80000.00",
    "issued_at": "2026-03-01T20:40:08.135Z"
  }
},
{
  "model": "invoices.invoice",
  "pk": 8,
  "fields": {
    "invoice_number": "INV-AE2388B9",
    "booking": 9,
    "amount": "80000.00",
    "issued_at": "2026-03-01T20:44:07.570Z"
  }
},
{
  "model": "invoices.invoice",
  "pk": 9,
  "fields": {
    "invoice_number": "INV-8DE37CA9",
    "booking": 10,
    "amount": "80000.00",
    "issued_at": "2026-03-01T20:45:21.346Z"
  }
},
{
  "model": "invoices.invoice",
  "pk": 10,
  "fields": {
    "invoice_number": "INV-E24FD5ED",
    "booking": 11,
    "amount": "80000.00",
    "issued_at": "2026-03-02T10:16:48.653Z"
  }
},
{
  "model": "invoices.invoice",
  "pk": 11,
  "fields": {
    "invoice_number": "INV-B95D2B61",
    "booking": 12,
    "amount": "80000.00",
    "issued_at": "2026-03-02T10:21:55.226Z"
  }
},
{
  "model": "invoices.invoice",
  "pk": 12,
  "fields": {
    "invoice_number": "INV-27A835F1",
    "booking": 13,
    "amount": "320000.00",
    "issued_at": "2026-03-02T10:50:49.760Z"
  }
},
{
  "model": "invoices.invoice",
  "pk": 13,
  "fields": {
    "invoice_number": "INV-6E3C2274",
    "booking": 14,
    "amount": "80000.00",
    "issued_at": "2026-03-02T10:56:47.270Z"
  }
},
{
  "model": "invoices.invoice",
  "pk": 14,
  "fields": {
    "invoice_number": "INV-F3F5A7AD",
    "booking": 15,
    "amount": "80000.00",
    "issued_at": "2026-03-02T11:09:34.896Z"
  }
},
{
  "model": "invoices.invoice",
  "pk": 15,
  "fields": {
    "invoice_number": "INV-669C7CCB",
    "booking": 17,
    "amount": "80000.00",
    "issued_at": "2026-03-02T11:36:41.665Z"
  }
},
{
  "model": "invoices.invoice",
  "pk": 16,
  "fields": {
    "invoice_number": "INV-B2B9EA91",
    "booking": 18,
    "amount": "80000.00",
    "issued_at": "2026-03-02T11:44:45.979Z"
  }
},
{
  "model": "invoices.invoice",
  "pk": 17,
  "fields": {
    "invoice_number": "INV-1DCADBC4",
    "booking": 19,
    "amount": "80000.00",
    "issued_at": "2026-03-02T11:45:32.943Z"
  }
},
{
  "model": "invoices.invoice",
  "pk": 18,
  "fields": {
    "invoice_number": "INV-9364BD99",
    "booking": 20,
    "amount": "80000.00",
    "issued_at": "2026-03-02T12:14:30.175Z"
  }
},
{
  "model": "invoices.invoice",
  "pk": 19,
  "fields": {
    "invoice_number": "INV-7371C1BA",
    "booking": 21,
    "amount": "80000.00",
    "issued_at": "2026-03-02T12:15:21.936Z"
  }
},
{
  "model": "invoices.invoice",
  "pk": 20,
  "fields": {
    "invoice_number": "INV-E046326D",
    "booking": 22,
    "amount": "80000.00",
    "issued_at": "2026-03-02T12:22:33.899Z"
  }
},
{
  "model": "invoices.invoice",
  "pk": 21,
  "fields": {
    "invoice_number": "INV-A8483EEF",
    "booking": 23,
    "amount": "80000.00",
    "issued_at": "2026-03-02T12:24:56.201Z"
  }
},
{
  "model": "invoices.invoice",
  "pk": 22,
  "fields": {
    "invoice_number": "INV-A055FA11",
    "booking": 24,
    "amount": "80000.00",
    "issued_at": "2026-03-02T12:34:36.955Z"
  }
},
{
  "model": "invoices.invoice",
  "pk": 23,
  "fields": {
    "invoice_number": "INV-13E3B578",
    "booking": 25,
    "amount": "80000.00",
    "issued_at": "2026-03-02T12:42:03.656Z"
  }
},
{
  "model": "invoices.invoice",
  "pk": 24,
  "fields": {
    "invoice_number": "INV-A9E97F32",
    "booking": 26,
    "amount": "80000.00",
    "issued_at": "2026-03-03T10:41:29.345Z"
  }
},
{
  "model": "invoices.invoice",
  "pk": 25,
  "fields": {
    "invoice_number": "INV-CFB491A6",
    "booking": 27,
    "amount": "160000.00",
    "issued_at": "2026-03-03T10:44:35.634Z"
  }
},
{
  "model": "invoices.invoice",
  "pk": 26,
  "fields": {
    "invoice_number": "INV-A2859375",
    "booking": 28,
    "amount": "80000.00",
    "issued_at": "2026-03-03T10:49:11.067Z"
  }
},
{
  "model": "invoices.invoice",
  "pk": 27,
  "fields": {
    "invoice_number": "INV-B91C1929",
    "booking": 29,
    "amount": "80000.00",
    "issued_at": "2026-03-03T10:58:10.580Z"
  }
},
{
  "model": "invoices.invoice",
  "pk": 28,
  "fields": {
    "invoice_number": "INV-9D9A0744",
    "booking": 30,
    "amount": "80000.00",
    "issued_at": "2026-03-03T11:04:15.235Z"
  }
},
{
  "model": "invoices.invoice",
  "pk": 29,
  "fields": {
    "invoice_number": "INV-5FA08C47",
    "booking": 31,
    "amount": "80000.00",
    "issued_at": "2026-03-03T11:12:54.106Z"
  }
},
{
  "model": "invoices.invoice",
  "pk": 30,
  "fields": {
    "invoice_number": "INV-9B536BEF",
    "booking": 35,
    "amount": "80000.00",
    "issued_at": "2026-03-03T11:28:08.791Z"
  }
},
{
  "model": "invoices.invoice",
  "pk": 31,
  "fields": {
    "invoice_number": "INV-11E19F6F",
    "booking": 36,
    "amount": "90000.00",
    "issued_at": "2026-03-03T11:36:22.283Z"
  }
},
{
  "model": "invoices.invoice",
  "pk": 32,
  "fields": {
    "invoice_number": "INV-D0F5ECA0",
    "booking": 37,
    "amount": "90000.00",
    "issued_at": "2026-03-03T11:42:09.944Z"
  }
},
{
  "model": "invoices.invoice",
  "pk": 33,
  "fields": {
    "invoice_number": "INV-DDD96CC2",
    "booking": 38,
    "amount": "80000.00",
    "issued_at": "2026-03-03T11:46:04.469Z"
  }
},
{
  "model": "invoices.invoice",
  "pk": 34,
  "fields": {
    "invoice_number": "INV-E1F20F2A",
    "booking": 39,
    "amount": "90000.00",
    "issued_at": "2026-03-03T11:52:50.629Z"
  }
},
{
  "model": "invoices.invoice",
  "pk": 35,
  "fields": {
    "invoice_number": "INV-A9E40C74",
    "booking": 40,
    "amount": "90000.00",
    "issued_at": "2026-03-03T12:01:48.765Z"
  }
},
{
  "model": "invoices.invoice",
  "pk": 36,
  "fields": {
    "invoice_number": "INV-877E60D9",
    "booking": 41,
    "amount": "90000.00",
    "issued_at": "2026-03-03T12:07:48.377Z"
  }
},
{
  "model": "invoices.invoice",
  "pk": 37,
  "fields": {
    "invoice_number": "INV-9CF05B1D",
    "booking": 42,
    "amount": "90000.00",
    "issued_at": "2026-03-03T12:23:52.761Z"
  }
},
{
  "model": "invoices.invoice",
  "pk": 38,
  "fields": {
    "invoice_number": "INV-A989AFDC",
    "booking": 52,
    "amount": "80000.00",
    "issued_at": "2026-03-04T04:08:34.330Z"
  }
},
{
  "model": "invoices.invoice",
  "pk": 39,
  "fields": {
    "invoice_number": "INV-AE77F134",
    "booking": 53,
    "amount": "80000.00",
    "issued_at": "2026-03-04T04:25:43.842Z"
  }
},
{
  "model": "invoices.invoice",
  "pk": 40,
  "fields": {
    "invoice_number": "INV-EEB315E9",
    "booking": 57,
    "amount": "180000.00",
    "issued_at": "2026-03-04T04:39:43.645Z"
  }
},
{
  "model": "invoices.invoice",
  "pk": 41,
  "fields": {
    "invoice_number": "INV-75A14418",
    "booking": 58,
    "amount": "90000.00",
    "issued_at": "2026-03-04T04:59:23.910Z"
  }
},
{
  "model": "invoices.invoice",
  "pk": 42,
  "fields": {
    "invoice_number": "INV-0DA53D7B",
    "booking": 60,
    "amount": "90000.00",
    "issued_at": "2026-03-04T05:23:34.177Z"
  }
},
{
  "model": "invoices.invoice",
  "pk": 43,
  "fields": {
    "invoice_number": "INV-15763CE8",
    "booking": 61,
    "amount": "90000.00",
    "issued_at": "2026-03-04T05:25:33.678Z"
  }
},
{
  "model": "invoices.invoice",
  "pk": 44,
  "fields": {
    "invoice_number": "INV-A7B3BD7F",
    "booking": 62,
    "amount": "90000.00",
    "issued_at": "2026-03-04T05:25:38.018Z"
  }
},
{
  "model": "invoices.invoice",
  "pk": 45,
  "fields": {
    "invoice_number": "INV-AB2D2EE0",
    "booking": 63,
    "amount": "90000.00",
    "issued_at": "2026-03-04T05:25:42.783Z"
  }
},
{
  "model": "invoices.invoice",
  "pk": 46,
  "fields": {
    "invoice_number": "INV-A85723D3",
    "booking": 64,
    "amount": "90000.00",
    "issued_at": "2026-03-04T05:26:13.553Z"
  }
},
{
  "model": "invoices.invoice",
  "pk": 47,
  "fields": {
    "invoice_number": "INV-57460694",
    "booking": 65,
    "amount": "90000.00",
    "issued_at": "2026-03-04T05:33:54.689Z"
  }
},
{
  "model": "invoices.invoice",
  "pk": 48,
  "fields": {
    "invoice_number": "INV-9AADE2B2",
    "booking": 66,
    "amount": "90000.00",
    "issued_at": "2026-03-04T05:33:58.975Z"
  }
},
{
  "model": "invoices.invoice",
  "pk": 49,
  "fields": {
    "invoice_number": "INV-745357F2",
    "booking": 67,
    "amount": "90000.00",
    "issued_at": "2026-03-04T05:36:57.625Z"
  }
},
{
  "model": "invoices.invoice",
  "pk": 50,
  "fields": {
    "invoice_number": "INV-011ADFE8",
    "booking": 68,
    "amount": "90000.00",
    "issued_at": "2026-03-04T05:37:02.924Z"
  }
},
{
  "model": "invoices.invoice",
  "pk": 51,
  "fields": {
    "invoice_number": "INV-B8930D2C",
    "booking": 69,
    "amount": "90000.00",
    "issued_at": "2026-03-04T05:37:31.926Z"
  }
},
{
  "model": "invoices.invoice",
  "pk": 52,
  "fields": {
    "invoice_number": "INV-C4277F7F",
    "booking": 70,
    "amount": "90000.00",
    "issued_at": "2026-03-04T05:41:43.679Z"
  }
},
{
  "model": "invoices.invoice",
  "pk": 53,
  "fields": {
    "invoice_number": "INV-9E344E31",
    "booking": 71,
    "amount": "90000.00",
    "issued_at": "2026-03-04T05:41:49.793Z"
  }
},
{
  "model": "invoices.invoice",
  "pk": 54,
  "fields": {
    "invoice_number": "INV-0DCC96D1",
    "booking": 72,
    "amount": "90000.00",
    "issued_at": "2026-03-04T05:41:54.220Z"
  }
},
{
  "model": "invoices.invoice",
  "pk": 55,
  "fields": {
    "invoice_number": "INV-DD8DE1D2",
    "booking": 73,
    "amount": "90000.00",
    "issued_at": "2026-03-04T05:41:58.488Z"
  }
},
{
  "model": "invoices.invoice",
  "pk": 56,
  "fields": {
    "invoice_number": "INV-2498347C",
    "booking": 74,
    "amount": "90000.00",
    "issued_at": "2026-03-04T05:56:14.139Z"
  }
},
{
  "model": "invoices.invoice",
  "pk": 57,
  "fields": {
    "invoice_number": "INV-DD2C1DA5",
    "booking": 75,
    "amount": "90000.00",
    "issued_at": "2026-03-04T05:59:41.935Z"
  }
},
{
  "model": "invoices.invoice",
  "pk": 58,
  "fields": {
    "invoice_number": "INV-7283557C",
    "booking": 76,
    "amount": "80000.00",
    "issued_at": "2026-03-04T06:14:52.986Z"
  }
},
{
  "model": "invoices.invoice",
  "pk": 59,
  "fields": {
    "invoice_number": "INV-C991B61E",
    "booking": 77,
    "amount": "90000.00",
    "issued_at": "2026-03-05T04:08:36.120Z"
  }
},
{
  "model": "invoices.invoice",
  "pk": 60,
  "fields": {
    "invoice_number": "INV-A54A7369",
    "booking": 78,
    "amount": "90000.00",
    "issued_at": "2026-03-05T04:09:58.496Z"
  }
},
{
  "model": "invoices.invoice",
  "pk": 61,
  "fields": {
    "invoice_number": "INV-286CA61A",
    "booking": 79,
    "amount": "90000.00",
    "issued_at": "2026-03-05T04:41:18.630Z"
  }
},
{
  "model": "packages.package",
  "pk": 1,
  "fields": {
    "title": "Umrah",
    "package_type": "umrah",
    "price": "80000.00",
    "duration": "15 days",
    "description": "",
    "image": "packages/mecca_dk3Bt8Y.jfif",
    "is_group_package": true,
    "is_active": true,
    "created_at": "2026-03-01T18:21:30.346Z"
  }
},
{
  "model": "packages.package",
  "pk": 2,
  "fields": {
    "title": "Umrah",
    "package_type": "umrah",
    "price": "80000.00",
    "duration": "15 days",
    "description": "",
    "image": "packages/mecca_HWJRDGW.jfif",
    "is_group_package": true,
    "is_active": true,
    "created_at": "2026-03-01T18:21:30.346Z"
  }
},
{
  "model": "packages.package",
  "pk": 3,
  "fields": {
    "title": "Haj 2026",
    "package_type": "hajj",
    "price": "90000.00",
    "duration": "20 days",
    "description": "",
    "image": "packages/haj_OX5AsQA.jfif",
    "is_group_package": true,
    "is_active": true,
    "created_at": "2026-03-03T11:22:04.955Z"
  }
},
{
  "model": "packages.packagedeparture",
  "pk": 1,
  "fields": {
    "package": 1,
    "departure_date": "2026-03-15",
    "return_date": "2026-03-30",
    "total_seats": 50,
    "booked_seats": 2,
    "adult_price": "80000.00",
    "child_with_bed_price": "50000.00",
    "child_without_bed_price": "45000.00",
    "infant_price": "20000.00",
    "is_active": true,
    "created_at": "2026-03-01T18:22:46.733Z"
  }
},
{
  "model": "flights.airline",
  "pk": 1,
  "fields": {
    "name": "kuwait airways",
    "logo": "airlines/a330-800-kuwait-airways.webp"
  }
},
{
  "model": "flights.airline",
  "pk": 2,
  "fields": {
    "name": "saudi arabian airlines",
    "logo": "airlines/a330-800-kuwait-airways_WbMlXB1.webp"
  }
},
{
  "model": "flights.airport",
  "pk": 1,
  "fields": {
    "code": "AwE2367DH8",
    "city": "Doha",
    "country": "Qatar"
  }
},
{
  "model": "flights.airport",
  "pk": 2,
  "fields": {
    "code": "AWD345GH45",
    "city": "Mumbai",
    "country": "India"
  }
},
{
  "model": "flights.airport",
  "pk": 3,
  "fields": {
    "code": "WAN6423DF",
    "city": "Jeddah",
    "country": "Saudi Arabia"
  }
},
{
  "model": "flights.flight",
  "pk": 1,
  "fields": {
    "airline": 1,
    "flight_number": "AwE2367DH8",
    "origin": 1,
    "destination": 1,
    "departure_time": "2026-03-10T05:00:00Z",
    "arrival_time": "2026-03-30T17:00:00Z",
    "duration": "3 hours",
    "price": "50000.00",
    "available_seats": 9,
    "is_active": true,
    "created_at": "2026-03-02T10:15:36.349Z"
  }
},
{
  "model": "flights.flight",
  "pk": 2,
  "fields": {
    "airline": 2,
    "flight_number": "EK202",
    "origin": 2,
    "destination": 3,
    "departure_time": "2026-03-15T17:00:00Z",
    "arrival_time": "2026-03-31T05:00:00Z",
    "duration": "5 hours 40 minutes",
    "price": "87000.00",
    "available_seats": 2,
    "is_active": true,
    "created_at": "2026-03-02T10:47:41.089Z"
  }
},
{
  "model": "hotels.city",
  "pk": 1,
  "fields": {
    "name": "Doha",
    "country": "Qatar"
  }
},
{
  "model": "hotels.city",
  "pk": 2,
  "fields": {
    "name": "Delhi",
    "country": "India"
  }
},
{
  "model": "hotels.hotel",
  "pk": 1,
  "fields": {
    "name": "Royal",
    "city": 1,
    "hotel_type": "standard",
    "star_rating": 3,
    "address": "",
    "description": "",
    "main_image": "hotels/doha.jfif",
    "is_active": true,
    "created_at": "2026-03-02T10:07:19.479Z"
  }
},
{
  "model": "hotels.hotel",
  "pk": 2,
  "fields": {
    "name": "city moon",
    "city": 2,
    "hotel_type": "standard",
    "star_rating": 4,
    "address": "",
    "description": "",
    "main_image": "hotels/caption.jpg",
    "is_active": true,
    "created_at": "2026-03-04T04:35:05.086Z"
  }
},
{
  "model": "hotels.roomtype",
  "pk": 1,
  "fields": {
    "hotel": 1,
    "name": "quad room",
    "price_per_night": "88000.00",
    "total_rooms": 50,
    "booked_rooms": 3,
    "is_active": true
  }
}
]
